"x","y"
17,99.9
29.2,99.8
78.8,98.8
35.1,98.6
9.2,98.5
74.5,98.4
53.2,98
13.1,97.3
91.9,97.3
79.4,97.2
41.4,96.8
23.8,96.6
60.2,95.9
68.8,95.1
45.8,95
47.1,95
69.1,94.9
13.1,94.8
24.5,94.5
78.9,94.2
95.7,93.8
94.3,93.4
6.4,93.3
79.3,91.9
99.6,91.8
97.2,91.6
54.7,90.9
68.6,90.6
24.8,90.4
52.7,90.3
79,89.8
20.4,89.5
76.2,88.9
45,88.6
25.8,88.5
16.5,88.3
84,88.3
54.2,88.2
31.5,88.1
91.7,88.1
72.9,88
27.3,87.3
11.2,87.2
28.6,86.9
52.2,86.9
9.6,86.8
59.2,86.6
1,86.5
69.8,86.5
94.1,86.5
11.8,86
44.5,85.8
97.5,85.8
72.1,85.2
53.6,85.1
52.9,84.5
99,84.4
14.6,84
67,83.6
97.5,83.1
21,83
77.2,82.5
91.9,82.3
48.4,81.9
58.5,81.8
32.8,81.7
58.8,81.7
8,81.5
29.2,81.3
85.1,80.9
44.3,80.8
46.1,80.4
36.6,80.3
53.3,80.1
74.4,80.1
7.7,79.4
34.7,79.2
74,79
84.6,78.9
83.5,78.6
15.7,78.5
2.2,78.2
40.7,77.8
8.7,77.6
84.1,77.5
25.6,77.3
28.2,77.2
69.7,76.4
2.8,76.3
24.9,76
46.1,75.5
32.5,75.3
14.5,75.2
37.2,74.7
97.6,74.2
99.9,74.2
52.9,74.1
88.9,74.1
29.4,74
36.1,73.2
7.7,73.1
97.3,73.1
12.9,73
35.5,72.8
13.7,72.7
74.4,72.6
78.9,72.4
15.2,72.2
56.7,72.2
33.1,72.1
12.2,71.8
77.8,71.1
29.3,71
61.7,70
66.7,69.5
44,69.3
4.7,69.1
6,68.7
76.3,68.7
88.5,68.5
58.2,68.3
55.2,68.2
71.7,68
1.5,67.9
84.6,67.9
90,67.9
97.5,67.8
33.5,67.4
55.1,67.4
5.4,67.3
72.8,67.3
34.5,67.2
84.4,67.2
7.7,67.1
56.3,66.9
58.9,66.4
36.2,66.3
59.7,66.3
63.8,66.3
53.2,66.2
84.9,65.7
43.6,65.4
57.8,65
63.9,65
23,64.9
12.3,64.8
3.7,64.7
18.5,64.6
93.3,64.5
34.7,64.4
54.4,64.2
97.5,64.1
64,64
56.8,63.9
72.7,63.7
4.8,63.6
54.2,63.6
45.4,63.1
49.9,63.1
74.6,63.1
50.7,62.9
51.1,62.8
52.1,62.8
51.8,62.7
51.9,62.7
50.3,62.6
53.1,62.6
53.5,62.6
46.7,62.5
46.9,62.5
47.8,62.5
51.5,62.5
97.8,62.5
46.4,62.4
47.4,62.3
48.9,62.3
53.5,62.3
50.8,62.2
55,62.2
55.7,62.2
53.2,62.1
95.1,62.1
44.9,62
47.4,62
52.4,62
54.3,62
50.3,61.9
53.8,61.9
55.2,61.9
55.3,61.9
48.7,61.8
53.3,61.8
53.9,61.8
56.1,61.8
28.3,61.5
48.7,61.5
52.9,61.5
53.7,61.5
54.2,61.5
43.1,61.4
55,61.4
0,61.3
42.1,61.3
42.9,61.3
54.2,61.3
48.3,61.2
51.2,61.2
53.7,61.2
54.5,61.2
54.8,61.2
42.3,61.1
56.3,61.1
43,61
44.9,61
45,61
54.2,61
55.3,61
58.3,61
47.6,60.9
50.6,60.9
56.2,60.9
43.8,60.8
55.8,60.8
43.7,60.7
46.9,60.7
49.3,60.7
56,60.7
57.9,60.7
82,60.7
44.2,60.6
44.6,60.6
46.4,60.6
47.8,60.6
50.9,60.6
53.9,60.6
44.9,60.5
50.3,60.5
44.8,60.4
48.9,60.4
54,60.4
49.7,60.3
55.4,60.3
56.4,60.3
90.9,60.3
39.9,60.2
42.7,60.2
43.3,60.2
44,60.2
46.9,60.2
50,60.2
53.7,60.2
56.6,60.2
42.4,60.1
54.6,60.1
57.5,60.1
60.5,60.1
39.6,60
49.3,60
49.9,60
60.1,60
39.8,59.9
41.4,59.9
42.5,59.9
48.1,59.9
57.9,59.9
50.1,59.8
58.7,59.8
59.9,59.8
60.2,59.8
42.8,59.7
49.3,59.7
44.1,59.6
46.4,59.6
47.8,59.6
43.5,59.5
47.5,59.5
48.1,59.5
48.8,59.5
59.9,59.5
12.5,59.4
28.4,59.4
40.2,59.4
44.7,59.4
44.8,59.4
45.8,59.4
46.9,59.4
53.9,59.4
54.9,59.4
55.8,59.4
58,59.4
38.2,59.3
41.9,59.3
54.3,59.3
59,59.3
39.9,59.2
46,59.2
48.8,59.2
49.3,59.2
51.8,59.2
56.6,59.2
38.4,59.1
46.3,59.1
51.8,59.1
52.1,59.1
58.9,59.1
59.7,59.1
55.8,59
58.2,59
80.4,59
39.3,58.9
41.7,58.9
50.5,58.9
50.6,58.9
52.3,58.9
58.5,58.9
60.8,58.9
90.3,58.9
42.6,58.8
53.5,58.8
55.9,58.8
57.1,58.8
58,58.8
0,58.7
38.7,58.7
40.8,58.7
46,58.7
49.3,58.7
59.1,58.7
96.3,58.7
37.6,58.6
43.9,58.6
47.6,58.6
55.2,58.6
40.5,58.5
42.3,58.5
43.4,58.5
50.4,58.5
52,58.5
54.2,58.5
56.7,58.5
60.4,58.5
41.8,58.4
47.7,58.4
49.1,58.4
57.3,58.4
37.9,58.3
39.9,58.3
41.5,58.3
43.9,58.3
49.4,58.3
62.6,58.3
62.8,58.3
63.1,58.3
40.9,58.2
46.3,58.2
49,58.2
50.7,58.2
50.9,58.2
54.5,58.2
57.7,58.2
59.5,58.2
62.6,58.2
24.2,58.1
37.1,58.1
41.1,58.1
43.5,58.1
44.6,58.1
50.7,58.1
54,58.1
61.9,58.1
77.8,58.1
38.3,58
46.2,58
55.3,58
46.3,57.9
52.3,57.9
56,57.9
56.2,57.9
59.8,57.9
62.4,57.9
37.5,57.8
38.7,57.8
40.4,57.8
59.9,57.8
36.5,57.7
40.2,57.7
40.9,57.7
57.6,57.7
10.1,57.6
38.3,57.6
40.5,57.6
40.7,57.6
42.3,57.6
45,57.6
48.9,57.6
50,57.6
56,57.6
61.2,57.6
63.4,57.6
39.1,57.5
44.8,57.5
50.2,57.5
54.1,57.5
54.9,57.5
61.3,57.5
43.2,57.4
43.9,57.4
44.3,57.4
58.6,57.4
62.2,57.4
36,57.3
41,57.3
44.8,57.3
49.2,57.3
50,57.3
53.6,57.3
57.6,57.3
58.3,57.3
58.5,57.3
55.9,57.2
62.9,57.2
63.6,57.2
42.8,57.1
46.8,57.1
55.6,57.1
63.7,57.1
64,57.1
77.3,57.1
38,57
44.3,57
45.2,57
51,57
52.7,57
53.5,57
17.6,56.9
37.5,56.9
39.8,56.9
40.6,56.9
44.9,56.9
54.5,56.9
35.5,56.8
45,56.8
56.9,56.8
59,56.8
59.4,56.8
59.9,56.8
61.7,56.8
23.6,56.7
34.9,56.7
37.5,56.7
46.7,56.7
53.3,56.7
65,56.7
37.2,56.6
42,56.6
45.8,56.6
49.9,56.6
52.6,56.6
57.5,56.6
35.7,56.5
38.9,56.5
39.6,56.5
41.6,56.5
45,56.5
45.1,56.5
48.9,56.5
55.8,56.5
60.1,56.5
61.5,56.5
64.9,56.5
93.4,56.5
38.6,56.4
35.4,56.3
52.3,56.3
63.2,56.3
64.6,56.3
97.5,56.3
35.2,56.2
37.9,56.2
42.8,56.2
51.1,56.2
54.9,56.2
58.6,56.2
37.5,56.1
38.2,56.1
44.5,56.1
54.8,56.1
62.9,56.1
35.4,56
38.2,56
40,56
49.4,56
49.7,56
53.7,56
57.6,56
34.8,55.9
44.6,55.9
45.8,55.9
47,55.9
56.1,55.9
56.2,55.9
56.7,55.9
57.8,55.9
59.6,55.9
62.7,55.9
64,55.9
35.9,55.8
41.6,55.8
42.6,55.8
48.1,55.8
50.8,55.8
55.2,55.8
58.9,55.8
65.9,55.8
34.4,55.7
49.4,55.7
54.3,55.7
40.9,55.6
53.8,55.6
57.5,55.6
61.7,55.6
34.8,55.5
40.3,55.5
45.1,55.5
54.7,55.5
58.6,55.5
59.5,55.5
64,55.5
34.2,55.4
40.3,55.4
43.7,55.4
33.7,55.3
34.5,55.3
37.7,55.3
43.5,55.3
44.2,55.3
46.5,55.3
57.9,55.3
65.6,55.3
65.9,55.3
35.8,55.2
42.3,55.2
49.1,55.2
59.8,55.2
66.6,55.2
34.9,55.1
43,55.1
45.2,55.1
50.9,55.1
52.8,55.1
53.1,55.1
55.4,55.1
57.8,55.1
59.2,55.1
59.6,55.1
34.1,55
37.2,55
42,55
45.6,55
48,55
51,55
52.3,55
63.4,55
63.5,55
37.3,54.9
44,54.9
47.2,54.9
67.2,54.9
35.1,54.8
39.4,54.8
42.6,54.8
43.7,54.8
44.7,54.8
45.4,54.8
50.5,54.8
55,54.8
67.1,54.8
67.4,54.8
36.3,54.7
51.4,54.7
54.1,54.7
55.4,54.7
32.3,54.6
33.1,54.6
33.2,54.6
35.6,54.6
38.3,54.6
39,54.6
49.8,54.6
61.4,54.6
66.1,54.6
34.8,54.5
47.6,54.5
53.5,54.5
54.6,54.5
59.1,54.5
59.3,54.5
60.3,54.5
61.3,54.5
61.9,54.5
63.6,54.5
64,54.5
66.6,54.5
89.6,54.5
28.8,54.4
36.7,54.4
41.8,54.4
48.3,54.4
55.8,54.4
57.2,54.4
60,54.4
60.8,54.4
62.1,54.4
65.3,54.4
67.1,54.4
2.5,54.3
32.5,54.3
33.2,54.3
47.8,54.3
55.3,54.3
58.3,54.3
59.4,54.3
61.7,54.3
33.8,54.2
39.1,54.2
50.7,54.2
51.1,54.2
53.6,54.2
55,54.2
56.7,54.2
58.3,54.2
64,54.2
65.8,54.2
88.3,54.2
37.6,54.1
49.2,54.1
52.7,54.1
53.5,54.1
34.4,54
34.5,54
56.2,54
63.4,54
65.6,54
33.9,53.9
49.4,53.9
51.6,53.9
57.1,53.9
57.3,53.9
60.8,53.9
62.7,53.9
67.4,53.9
12.5,53.8
32.4,53.8
39.3,53.8
48.5,53.8
51.5,53.8
52.9,53.8
53.5,53.8
56.1,53.8
66.7,53.8
66.9,53.8
34.8,53.7
39.2,53.7
44.3,53.7
54.9,53.7
57,53.7
59.3,53.7
64.9,53.7
65.5,53.7
65.7,53.7
33.3,53.6
36.7,53.6
42.7,53.6
47.3,53.6
51.1,53.6
51.2,53.6
52.2,53.6
52.9,53.6
58,53.6
60.3,53.6
61.2,53.6
32.8,53.5
39,53.5
43.5,53.5
44.5,53.5
45.8,53.5
48.4,53.5
48.9,53.5
50.4,53.5
52.7,53.5
53.4,53.5
54.5,53.5
57.8,53.5
64.5,53.5
68.6,53.5
33.3,53.4
35.8,53.4
41.2,53.4
42.2,53.4
52.8,53.4
55.6,53.4
60,53.4
66.1,53.4
68.2,53.4
14.4,53.3
42.8,53.3
47.3,53.3
57.1,53.3
65,53.3
66.2,53.3
32.6,53.2
36.9,53.2
40.6,53.2
40.7,53.2
42.8,53.2
43.5,53.2
45,53.2
54.9,53.2
57.8,53.2
60.6,53.2
67.6,53.2
37.7,53.1
39.9,53.1
52.8,53.1
53.5,53.1
54.6,53.1
57.3,53.1
69.2,53.1
24.9,53
39.2,53
41,53
55.8,53
65.6,53
67.9,53
41,52.9
48.4,52.9
65.3,52.9
69.2,52.9
31.8,52.8
33.5,52.8
39.9,52.8
50.1,52.8
50.8,52.8
58.3,52.8
59.9,52.8
62.8,52.8
63.4,52.8
63.5,52.8
64.7,52.8
68.3,52.8
43.4,52.7
49.8,52.7
50.8,52.7
57.2,52.7
61.9,52.7
68.9,52.7
9,52.6
39.9,52.6
52.8,52.6
54,52.6
61.3,52.6
83.5,52.6
30.2,52.5
40.7,52.5
41.3,52.5
43.4,52.5
52.1,52.5
54.8,52.5
67.8,52.5
31.4,52.4
31.5,52.4
32.1,52.4
36.9,52.4
40.5,52.4
42.7,52.4
54.4,52.4
62.1,52.4
64,52.4
1.3,52.3
32.3,52.3
45.7,52.3
55.8,52.3
61.6,52.3
32,52.2
34.1,52.2
34.4,52.2
46,52.2
47.6,52.2
55.4,52.2
62.2,52.2
72.5,52.2
20.3,52.1
34.6,52.1
37,52.1
41.2,52.1
42.6,52.1
44.5,52.1
47.1,52.1
48.8,52.1
57.3,52.1
60.6,52.1
62.8,52.1
88.4,52.1
32,52
36.7,52
38.6,52
40.9,52
43.4,52
45.9,52
50.9,52
53,52
57.7,52
27.2,51.9
30.2,51.9
31.6,51.9
36.1,51.9
37,51.9
37.3,51.9
39,51.9
41.2,51.9
49.6,51.9
54.3,51.9
63.7,51.9
66.3,51.9
66.5,51.9
68.7,51.9
33.2,51.8
35.4,51.8
38.1,51.8
42.2,51.8
43.9,51.8
45.2,51.8
50.5,51.8
53.6,51.8
54.6,51.8
58.4,51.8
68.6,51.8
3.3,51.7
32.8,51.7
43.9,51.7
47.3,51.7
58.9,51.7
60.6,51.7
63.3,51.7
70.3,51.7
30.7,51.6
44.9,51.6
47.5,51.6
51.6,51.6
56.9,51.6
60,51.6
65.5,51.6
66,51.6
66.1,51.6
68.2,51.6
69.2,51.6
40.2,51.5
45.3,51.5
47.7,51.5
52.1,51.5
53.3,51.5
57.4,51.5
63.3,51.5
19.2,51.4
36.7,51.4
42.8,51.4
43.2,51.4
56.2,51.4
59.4,51.4
59.7,51.4
60.1,51.4
32.1,51.3
33.3,51.3
36,51.3
61.2,51.3
63,51.3
65.7,51.3
70.7,51.3
45,51.2
48.2,51.2
51.5,51.2
63.6,51.2
64.1,51.2
67.1,51.2
30,51.1
31,51.1
33.1,51.1
35.2,51.1
42.5,51.1
42.9,51.1
60.7,51.1
62.3,51.1
63.1,51.1
35.1,51
39,51
45.5,51
56.9,51
57.1,51
57.9,51
58.8,51
59.8,51
61.5,51
68,51
95.6,51
30.2,50.9
33.7,50.9
36.3,50.9
41.7,50.9
42.8,50.9
45.9,50.9
53.1,50.9
53.3,50.9
59.8,50.9
61.9,50.9
62.2,50.9
66.7,50.9
67.1,50.9
69.2,50.9
70.7,50.9
70.9,50.9
52.5,50.8
52.9,50.8
56.1,50.8
56.3,50.8
60.5,50.8
60.7,50.8
65.2,50.8
71.1,50.8
30.8,50.7
34.8,50.7
39.8,50.7
44.5,50.7
45.5,50.6
46.8,50.6
49.5,50.6
56.7,50.6
59.2,50.6
67.2,50.6
70.1,50.6
21.8,50.5
28.2,50.5
29.5,50.5
38.2,50.5
41.5,50.5
51.8,50.5
53,50.5
54.4,50.5
55.5,50.5
58,50.5
66.2,50.5
66.7,50.5
11.1,50.4
29.3,50.4
38.2,50.4
57.5,50.4
63.5,50.4
65.9,50.4
68.1,50.4
28.9,50.3
31.6,50.3
36.1,50.3
47,50.3
47.1,50.3
57,50.3
64.7,50.3
65.9,50.3
66.9,50.3
70.1,50.3
31,50.2
33.1,50.2
33.5,50.2
34.1,50.2
37.7,50.2
42.4,50.2
42.9,50.2
45.9,50.2
51.1,50.2
65.4,50.2
71.6,50.2
28.3,50.1
30.2,50.1
34.9,50.1
39.4,50.1
41.8,50.1
43.7,50.1
46.7,50.1
46.8,50.1
53.9,50.1
63.6,50.1
69.7,50.1
70,50.1
29.3,50
35.1,50
39.2,50
47.8,50
53,50
71.7,50
30,49.9
39.5,49.9
41.5,49.9
44.9,49.9
45.3,49.9
47.4,49.9
47.6,49.9
58.7,49.9
60.1,49.9
27.6,49.8
29.6,49.8
42.5,49.8
54.4,49.8
54.9,49.8
57.1,49.8
63.9,49.8
65.7,49.8
69.9,49.8
32.5,49.7
34.6,49.7
37.5,49.7
45.2,49.7
48.6,49.7
49.2,49.7
50.6,49.7
64.9,49.7
67.3,49.7
67.9,49.7
71.1,49.7
72.3,49.7
28,49.6
38.5,49.6
55,49.6
61.5,49.6
66.3,49.6
86.2,49.6
34.7,49.5
36.8,49.5
38.4,49.5
42.5,49.5
44.5,49.5
45.2,49.5
51,49.5
53.8,49.5
61.7,49.5
65.6,49.5
67.4,49.5
71.5,49.5
36,49.4
40.8,49.4
43.8,49.4
49.7,49.4
50.3,49.4
56.8,49.4
66.4,49.4
30.9,49.3
38.4,49.3
44.8,49.3
57.8,49.3
66.5,49.3
32.4,49.2
33.3,49.2
37.6,49.2
40.6,49.2
44.9,49.2
49.8,49.2
55.8,49.2
55.9,49.2
57.4,49.2
58.5,49.2
72.5,49.2
9.8,49.1
27.1,49.1
34.8,49.1
42,49.1
43.4,49.1
54.6,49.1
57.3,49.1
60.9,49.1
66.8,49.1
68,49.1
69.7,49.1
99.1,49.1
34.1,49
45.8,49
47.3,49
61.7,49
61.8,49
62.2,49
62.6,49
65,49
67.3,49
68.6,49
69.2,49
69.8,49
31,48.9
35.4,48.9
58.4,48.9
64.3,48.9
65.6,48.9
68.4,48.9
70.6,48.9
30,48.8
33,48.8
46.2,48.8
49.4,48.8
49.7,48.8
57,48.8
60.5,48.8
61.3,48.8
28.7,48.7
30.3,48.7
33,48.7
33.2,48.7
37.8,48.7
44.1,48.7
53.4,48.7
56.1,48.7
58.7,48.7
59.7,48.7
61.6,48.7
66.8,48.7
26.8,48.6
31.1,48.6
35.7,48.6
38.7,48.6
46.9,48.6
52.7,48.6
53.3,48.6
53.7,48.6
55.6,48.6
58.8,48.6
61,48.6
63.6,48.6
31.5,48.5
32.8,48.5
34.8,48.5
39.2,48.5
39.4,48.5
42.8,48.5
60.2,48.5
71.9,48.5
72.1,48.5
29.5,48.4
34.9,48.4
45.9,48.4
46.2,48.4
46.7,48.4
46.8,48.4
47.2,48.4
52.9,48.4
53.3,48.4
66.5,48.4
71.5,48.4
95.3,48.4
30.8,48.3
34.4,48.3
38.3,48.3
45.5,48.3
54.5,48.3
56.2,48.3
65.5,48.3
66.1,48.3
26.3,48.2
29.8,48.2
31.3,48.2
34.3,48.2
37,48.2
43.4,48.2
53.1,48.2
55.7,48.2
62.7,48.2
63.7,48.2
69.2,48.2
72.7,48.2
72.8,48.2
28.2,48.1
32.2,48.1
32.8,48.1
34.6,48.1
40.7,48.1
47.9,48.1
49.7,48.1
61.2,48.1
62.3,48.1
65.4,48.1
36.9,48
40.1,48
43.9,48
44.8,48
46.3,48
47.2,48
49.8,48
53.6,48
63,48
66.2,48
66.9,48
68.4,48
71,48
15.5,47.9
16.5,47.9
33.8,47.9
39.1,47.9
40.7,47.9
60.3,47.9
66.1,47.9
34.4,47.8
45,47.8
47.8,47.8
51.5,47.8
53.6,47.8
62.9,47.8
63.3,47.8
70.5,47.8
28.4,47.7
29.6,47.7
35,47.7
35.8,47.7
41.9,47.7
43.6,47.7
44.8,47.7
63,47.7
63.4,47.7
64.3,47.7
68,47.7
68.3,47.7
27.4,47.6
40.1,47.6
43.2,47.6
53.8,47.6
61.5,47.6
27.5,47.5
32.6,47.5
42,47.5
43.2,47.5
48.7,47.5
63.9,47.5
69.1,47.5
71.8,47.5
8,47.4
26.3,47.4
31.6,47.4
52.3,47.4
64.1,47.4
70,47.4
80.9,47.4
27.2,47.3
32.7,47.3
39.5,47.3
50.2,47.3
52.7,47.3
53.4,47.3
53.5,47.3
60,47.3
64.2,47.3
66.5,47.3
68.6,47.3
71.6,47.3
29.4,47.2
34.4,47.2
44.1,47.2
47.7,47.2
50,47.2
51,47.2
52.9,47.2
55.7,47.2
57.5,47.2
65.1,47.2
73.5,47.2
29.7,47.1
34.4,47.1
44.3,47.1
46.4,47.1
50.2,47.1
58.3,47.1
64.7,47.1
38.3,47
41,47
45.4,47
50,47
53.8,47
56.7,47
61.7,47
62.1,47
63.7,47
66.6,47
25.9,46.9
26.8,46.9
27.3,46.9
32.2,46.9
33.6,46.9
33.7,46.9
36.3,46.9
39,46.9
45.4,46.9
46.2,46.9
53.7,46.9
53.9,46.9
64.8,46.9
64.9,46.9
66.1,46.9
68.3,46.9
71.3,46.9
72.6,46.9
25.2,46.8
30,46.8
32.5,46.8
38.7,46.8
41.8,46.8
60.2,46.8
69.6,46.8
29.6,46.7
39.1,46.7
42.4,46.7
46.9,46.7
47.2,46.7
67.5,46.7
68.3,46.7
30.1,46.6
36.1,46.6
39.9,46.6
40.2,46.6
40.6,46.6
41.3,46.6
42.6,46.6
55.9,46.6
56,46.6
58.6,46.6
59.6,46.6
61.9,46.6
29,46.5
37.3,46.5
42.9,46.5
43.3,46.5
45,46.5
48.2,46.5
49.9,46.5
59.4,46.5
60.8,46.5
65.8,46.5
66.6,46.5
71,46.5
26.4,46.4
46.2,46.4
48.4,46.4
56.1,46.4
61.1,46.4
69.6,46.4
71.6,46.4
73.3,46.4
73.5,46.4
27.9,46.3
30.3,46.3
35.6,46.3
41.6,46.3
42.6,46.3
46.7,46.3
56.8,46.3
57.7,46.3
60.9,46.3
61.4,46.3
64.9,46.3
65.7,46.3
68.7,46.3
72.3,46.3
72.8,46.3
93.1,46.3
95.2,46.3
20.2,46.2
30.9,46.2
48.5,46.2
51.6,46.2
66.1,46.2
69.3,46.2
75.1,46.2
28.3,46.1
28.8,46.1
29.7,46.1
46.4,46.1
53.2,46.1
64.6,46.1
65.7,46.1
67.8,46.1
68.4,46.1
71.9,46.1
30,46
41,46
45.3,46
67.5,46
69.4,46
70.6,46
88,46
22.5,45.9
27,45.9
35,45.9
44,45.9
59,45.9
62,45.9
63,45.9
65.2,45.9
70.7,45.9
70.9,45.9
25.5,45.8
28,45.8
31,45.8
59.4,45.8
61.9,45.8
64.8,45.8
67.4,45.8
45.6,45.7
49.6,45.7
54.8,45.7
59.9,45.7
63.5,45.7
72.9,45.7
27.5,45.6
35,45.6
42.2,45.6
43.9,45.6
44.9,45.6
55.3,45.6
56.4,45.6
56.9,45.6
70.7,45.6
73.6,45.6
29.8,45.5
30,45.5
32.1,45.5
39,45.5
47.8,45.5
50.4,45.5
73.6,45.5
24.3,45.4
25.5,45.4
28.6,45.4
32.4,45.4
34.2,45.4
44.5,45.4
48.7,45.4
49.8,45.4
50.8,45.4
52.9,45.4
57.3,45.4
58.1,45.4
62.7,45.4
63.7,45.4
65.6,45.4
88.6,45.4
39.4,45.3
41.9,45.3
43,45.3
45.2,45.3
49.2,45.3
24.9,45.2
25.9,45.2
31.5,45.2
33.1,45.2
34.4,45.2
36.8,45.2
40.5,45.2
42,45.2
46.7,45.2
51.3,45.2
56,45.2
62.2,45.2
66,45.2
71.3,45.2
28.1,45.1
38.5,45.1
43.4,45.1
46.6,45.1
58.3,45.1
61.6,45.1
65.8,45.1
68,45.1
35.9,45
39.7,45
46.5,45
52.2,45
52.6,45
54.3,45
56,45
73.9,45
75.4,45
43.1,44.9
46.2,44.9
47.2,44.9
51.6,44.9
53.5,44.9
58.9,44.9
61.2,44.9
69.8,44.9
74.2,44.9
26.6,44.8
33.6,44.8
37,44.8
43.3,44.8
45.1,44.8
46.5,44.8
52.3,44.8
57.5,44.8
58.8,44.8
68.5,44.8
75.8,44.8
31.8,44.7
33.7,44.7
36.3,44.7
38.6,44.7
39.2,44.7
44.4,44.7
47.4,44.7
59.6,44.7
65.9,44.7
68.6,44.7
70.1,44.7
32.1,44.6
32.5,44.6
33,44.6
35.6,44.6
37.6,44.6
38,44.6
49.6,44.6
56.6,44.6
59.9,44.6
61.5,44.6
65.8,44.6
76.3,44.6
99.6,44.6
42.2,44.5
46.8,44.5
48.3,44.5
48.8,44.5
53.3,44.5
69.9,44.5
71.1,44.5
73,44.5
73.3,44.5
73.6,44.5
73.8,44.5
76.1,44.5
76.2,44.5
24.3,44.4
24.7,44.4
26.7,44.4
27.8,44.4
31.3,44.4
38,44.4
39.7,44.4
42.7,44.4
45.5,44.4
46.3,44.4
47.9,44.4
57,44.4
57.4,44.4
60.4,44.4
65.7,44.4
66.6,44.4
68.9,44.4
71.4,44.4
14.9,44.3
24,44.3
28.3,44.3
36.8,44.3
43,44.3
43.5,44.3
47,44.3
55.7,44.3
58.2,44.3
63.3,44.3
64.9,44.3
68.6,44.3
70.1,44.3
70.2,44.3
71.1,44.3
71.6,44.3
21.9,44.2
25.5,44.2
29.9,44.2
34.3,44.2
38.1,44.2
38.7,44.2
43.6,44.2
47.8,44.2
54,44.2
61.1,44.2
62.2,44.2
67.2,44.2
71.6,44.2
95.3,44.2
27.1,44.1
31.4,44.1
31.5,44.1
36.4,44.1
37.1,44.1
44.5,44.1
47.9,44.1
49.6,44.1
51.1,44.1
51.8,44.1
52.2,44.1
54.4,44.1
58.4,44.1
67,44.1
67.8,44.1
68.1,44.1
71.3,44.1
29.8,44
33,44
33.9,44
37.4,44
38.3,44
39.3,44
42.8,44
48,44
62.8,44
64.9,44
67.4,44
71.9,44
29,43.9
29.3,43.9
31.1,43.9
49.6,43.9
71.1,43.9
74.3,43.9
76.1,43.9
96.6,43.9
33.7,43.8
36.6,43.8
48.3,43.8
70.5,43.8
27.2,43.7
31.3,43.7
31.5,43.7
33.4,43.7
34,43.7
45,43.7
45.6,43.7
47.9,43.7
60.4,43.7
64.9,43.7
65.6,43.7
26,43.6
28.3,43.6
31.5,43.6
48.3,43.6
49.5,43.6
59.1,43.6
69.4,43.6
73.6,43.6
76.1,43.6
27.3,43.5
27.5,43.5
32.3,43.5
32.4,43.5
35.7,43.5
37.5,43.5
38.1,43.5
39.7,43.5
45.5,43.5
49.3,43.5
52.3,43.5
57.9,43.5
66.4,43.5
67.3,43.5
24,43.4
27.2,43.4
41.3,43.4
48.3,43.4
48.8,43.4
51.7,43.4
51.9,43.4
56.6,43.4
57.9,43.4
61.8,43.4
63.2,43.4
66.8,43.4
69.4,43.4
70.8,43.4
71.8,43.4
76.7,43.4
84,43.4
23.8,43.3
24.7,43.3
27.3,43.3
29.7,43.3
36.6,43.3
39,43.3
44.8,43.3
49.4,43.3
57.8,43.3
58.5,43.3
60.2,43.3
63.6,43.3
68.8,43.3
77,43.3
27.7,43.2
30.8,43.2
32.3,43.2
36.7,43.2
36.9,43.2
44.5,43.2
45.6,43.2
53.6,43.2
55.3,43.2
59.6,43.2
68.6,43.2
69.7,43.2
23.8,43.1
28.6,43.1
37.7,43.1
40,43.1
42.2,43.1
57.3,43.1
60.7,43.1
65.4,43.1
67.6,43.1
70.8,43.1
70.9,43.1
73.8,43.1
76,43.1
76.8,43.1
24.7,43
26.3,43
29.3,43
32.5,43
36.6,43
38.3,43
39.2,43
43.7,43
54.9,43
58.2,43
61.1,43
63.1,43
65.4,43
68.9,43
73,43
82.2,43
97.7,43
34,42.9
36,42.9
41.6,42.9
45.4,42.9
54.1,42.9
55,42.9
56.3,42.9
57.4,42.9
57.5,42.9
76.3,42.9
84.6,42.9
47.4,42.8
58.2,42.8
58.9,42.8
71.1,42.8
74,42.8
27.1,42.7
32,42.7
33,42.7
34.7,42.7
36.5,42.7
40.4,42.7
49.9,42.7
53.5,42.7
57.4,42.7
63.1,42.7
64.5,42.7
70.1,42.7
75.6,42.7
23.1,42.6
32.3,42.6
33.1,42.6
40.6,42.6
48,42.6
49.6,42.6
50,42.6
52.7,42.6
55,42.6
61.2,42.6
63.9,42.6
69.9,42.6
22.6,42.5
29.2,42.5
29.9,42.5
30,42.5
54.1,42.5
67,42.5
67.1,42.5
23.5,42.4
24.1,42.4
28.9,42.4
46.7,42.4
69,42.4
71.5,42.4
74.3,42.4
21.9,42.3
24.7,42.3
29.2,42.3
33.8,42.3
37.4,42.3
42.7,42.3
55.8,42.3
56.6,42.3
61.5,42.3
64.8,42.3
71.8,42.3
73,42.3
75.4,42.3
75.9,42.3
77.3,42.3
22.3,42.2
23.3,42.2
25.7,42.2
26.4,42.2
28.5,42.2
30.8,42.2
34.6,42.2
55.9,42.2
57.6,42.2
72.9,42.2
76.3,42.2
77.8,42.2
24.7,42.1
28.8,42.1
30.9,42.1
38.2,42.1
46.9,42.1
54.6,42.1
62.3,42.1
63.6,42.1
64.7,42.1
70,42.1
23.1,42
24.5,42
26.7,42
28.8,42
33.3,42
38.2,42
39.1,42
45.9,42
47.4,42
48.6,42
51,42
54.4,42
56.4,42
58.5,42
61.9,42
62.9,42
63.7,42
64.2,42
64.5,42
66.6,42
74.8,42
22.5,41.9
23.9,41.9
24.2,41.9
25.8,41.9
35.2,41.9
53.4,41.9
53.5,41.9
55.1,41.9
56,41.9
60.5,41.9
62.3,41.9
70.1,41.9
70.7,41.9
70.9,41.9
25.3,41.8
31.2,41.8
36.7,41.8
38.8,41.8
42.4,41.8
44.3,41.8
45.5,41.8
46.6,41.8
49.8,41.8
56.2,41.8
57.1,41.8
59.2,41.8
63.4,41.8
24.6,41.7
35.5,41.7
40.5,41.7
45,41.7
48.8,41.7
49.5,41.7
50.5,41.7
56.8,41.7
59.1,41.7
65.3,41.7
69.8,41.7
71.6,41.7
72.7,41.7
73.5,41.7
22.9,41.6
32.5,41.6
33.8,41.6
38,41.6
38.6,41.6
42.8,41.6
47.8,41.6
50.1,41.6
51.1,41.6
57.5,41.6
58.6,41.6
60.7,41.6
65,41.6
67.5,41.6
71.8,41.6
30.1,41.5
34.3,41.5
42.2,41.5
50.4,41.5
51,41.5
70.9,41.5
72.6,41.5
77.9,41.5
36.5,41.4
37.1,41.4
37.3,41.4
38,41.4
39.7,41.4
47.1,41.4
52.2,41.4
54.9,41.4
57.3,41.4
57.9,41.4
58.1,41.4
59.9,41.4
60.9,41.4
63.7,41.4
72.9,41.4
24,41.3
25.4,41.3
26.6,41.3
30.6,41.3
32.4,41.3
34.7,41.3
39,41.3
53.5,41.3
57.5,41.3
58.7,41.3
28.5,41.2
30,41.2
34.6,41.2
42.6,41.2
46.1,41.2
46.4,41.2
47.3,41.2
57.6,41.2
63.6,41.2
68.6,41.2
76,41.2
35.9,41.1
36.6,41.1
45.8,41.1
53,41.1
56,41.1
59.2,41.1
60.8,41.1
64.1,41.1
67,41.1
71.5,41.1
78.2,41.1
36.1,41
37.3,41
38.3,41
39.1,41
39.6,41
41.6,41
47.5,41
47.6,41
61.9,41
66.2,41
67.3,41
81.6,41
87,41
26.7,40.9
32.2,40.9
48.9,40.9
52.5,40.9
54.9,40.9
55.2,40.9
60.3,40.9
65.3,40.9
68,40.9
71.7,40.9
74.2,40.9
76.9,40.9
21.5,40.8
23.4,40.8
26.5,40.8
31.9,40.8
39.7,40.8
42.8,40.8
47.8,40.8
49,40.8
50,40.8
50.6,40.8
51.5,40.8
51.7,40.8
52.5,40.8
55.5,40.8
58.3,40.8
61.8,40.8
64.2,40.8
66.9,40.8
71,40.8
78.1,40.8
32.5,40.7
45.6,40.7
47.1,40.7
49.7,40.7
56.3,40.7
59.5,40.7
68.6,40.7
74.8,40.7
75.3,40.7
21.5,40.6
25.4,40.6
29.3,40.6
29.8,40.6
40.5,40.6
43.9,40.6
54,40.6
56.2,40.6
72.9,40.6
25.5,40.5
30.7,40.5
37.4,40.5
44.6,40.5
55.9,40.5
61.9,40.5
64.3,40.5
65.9,40.5
68.4,40.5
68.7,40.5
70.3,40.5
70.4,40.5
74.4,40.5
21.3,40.4
29.7,40.4
36.5,40.4
47.5,40.4
50,40.4
58.2,40.4
69.6,40.4
78.5,40.4
22.5,40.3
30,40.3
37.1,40.3
44.9,40.3
51,40.3
60.5,40.3
63.2,40.3
65.7,40.3
71.7,40.3
26.4,40.2
33.4,40.2
39.7,40.2
42.4,40.2
50.7,40.2
51.2,40.2
51.7,40.2
58.6,40.2
78.5,40.2
29.5,40.1
35.3,40.1
38.5,40.1
44.1,40.1
51.2,40.1
59.4,40.1
61.7,40.1
71.4,40.1
71.7,40.1
27.6,40
28.2,40
33.3,40
38.7,40
45.1,40
46.7,40
47.8,40
51,40
51.7,40
55.5,40
60.7,40
61.9,40
65.1,40
65.9,40
78,40
78.5,40
20.5,39.9
20.9,39.8
21.6,39.8
37.6,39.8
37.9,39.8
47.8,39.8
54.2,39.8
54.5,39.8
69.1,39.8
73,39.8
75.4,39.8
76.2,39.8
78.3,39.8
31.5,39.7
35,39.7
37.1,39.7
40.4,39.7
41.1,39.7
53,39.7
62.9,39.7
65.1,39.7
69.1,39.7
75.6,39.7
77.5,39.7
26.2,39.6
26.7,39.6
41.4,39.6
50.4,39.6
51.4,39.6
56.4,39.6
59.5,39.6
71.1,39.6
95.2,39.6
11.9,39.5
22.3,39.5
36.9,39.5
40.2,39.5
41.9,39.5
45.7,39.5
59.8,39.5
60.2,39.5
67.2,39.5
73.4,39.5
76.2,39.5
77.7,39.5
78.4,39.5
25.8,39.4
26.4,39.4
33.2,39.4
34,39.4
38.9,39.4
44.4,39.4
52.4,39.4
55.3,39.4
58.7,39.4
58.9,39.4
66,39.4
68.4,39.4
74.4,39.4
36.3,39.3
37.1,39.3
37.3,39.3
38.9,39.3
41.3,39.3
43.5,39.3
51.8,39.3
54.2,39.3
54.3,39.3
54.4,39.3
57.8,39.3
60.1,39.3
64.8,39.3
68.8,39.3
69.4,39.3
78.2,39.3
78.6,39.3
23.8,39.2
30.4,39.2
32.6,39.2
40.9,39.2
43.2,39.2
49.2,39.2
54.3,39.2
59.1,39.2
70.4,39.2
73.3,39.2
76.9,39.2
77,39.2
22.2,39.1
24.8,39.1
29.4,39.1
33.3,39.1
34.7,39.1
51,39.1
58.9,39.1
62.2,39.1
62.7,39.1
67.5,39.1
72.7,39.1
72.9,39.1
74.9,39.1
77.6,39.1
21.8,39
22.3,39
24,39
26.9,39
32.7,39
35.2,39
38.9,39
39.8,39
44.5,39
55.2,39
57.2,39
58.9,39
71.4,39
75.2,39
76.9,39
77.5,39
23.3,38.9
26.1,38.9
27.1,38.9
30.7,38.9
35.2,38.9
41.9,38.9
57.3,38.9
70.1,38.9
73,38.9
76.2,38.9
76.3,38.9
22,38.8
25.5,38.8
25.6,38.8
36.2,38.8
37.9,38.8
43.8,38.8
45.1,38.8
49.4,38.8
60.4,38.8
65.9,38.8
24.2,38.7
26.2,38.7
30,38.7
31.2,38.7
33.6,38.7
34.1,38.7
50.5,38.7
57.2,38.7
59.1,38.7
64.1,38.7
68,38.7
69.8,38.7
77.7,38.7
23.1,38.6
28.7,38.6
29.2,38.6
32.7,38.6
33.1,38.6
37.9,38.6
45.5,38.6
47.6,38.6
64.4,38.6
66.1,38.6
69.7,38.6
71.3,38.6
21.6,38.5
27.5,38.5
29.6,38.5
45,38.5
47.3,38.5
47.6,38.5
49,38.5
49.2,38.5
50.4,38.5
54.5,38.5
54.6,38.5
54.9,38.5
60.8,38.5
61.9,38.5
64.4,38.5
65.4,38.5
66.7,38.5
70.8,38.5
71.5,38.5
72.1,38.5
78.9,38.5
19.9,38.4
20.2,38.4
26.7,38.4
29,38.4
30.2,38.4
51.3,38.4
52.2,38.4
61,38.4
65.6,38.4
71.5,38.4
24.4,38.3
25.2,38.3
25.4,38.3
34.5,38.3
40,38.3
40.7,38.3
47.2,38.3
48.7,38.3
49.1,38.3
52.2,38.3
67.8,38.3
69.8,38.3
74.6,38.3
77.1,38.3
25.4,38.2
28.3,38.2
42.5,38.2
46.4,38.2
47.7,38.2
53.2,38.2
53.6,38.2
57.2,38.2
65.4,38.2
67.9,38.2
69.7,38.2
73.3,38.2
20.6,38.1
24.3,38.1
27.1,38.1
29.2,38.1
30,38.1
34.7,38.1
35.7,38.1
42.6,38.1
44,38.1
49,38.1
61.3,38.1
61.6,38.1
61.8,38.1
63.7,38.1
71.3,38.1
72.4,38.1
74.3,38.1
74.7,38.1
75,38.1
75.4,38.1
76.2,38.1
80,38.1
22.6,38
28.3,38
47.3,38
50.8,38
63.7,38
67,38
68.6,38
72,38
80.6,38
25.7,37.9
32.3,37.9
37.4,37.9
37.5,37.9
47.6,37.9
53.1,37.9
53.8,37.9
57.3,37.9
69.2,37.9
69.6,37.9
72.1,37.9
80,37.9
20.9,37.8
22.7,37.8
26.4,37.8
26.9,37.8
28.9,37.8
40.6,37.8
44.8,37.8
45.9,37.8
51.6,37.8
59.1,37.8
61.4,37.8
66.4,37.8
78.8,37.8
26.3,37.7
35.3,37.7
45.4,37.7
48.5,37.7
49.9,37.7
51.8,37.7
54.7,37.7
59.5,37.7
60,37.7
63,37.7
66.1,37.7
70.5,37.7
71.5,37.7
97.5,37.7
21.4,37.6
21.9,37.6
22.8,37.6
24.2,37.6
28.9,37.6
40.5,37.6
41.2,37.6
47.3,37.6
50.5,37.6
58.8,37.6
74,37.6
78.8,37.6
19.4,37.5
21.1,37.5
23.8,37.5
32,37.5
33.6,37.5
37.8,37.5
42.2,37.5
42.5,37.5
45.9,37.5
55.4,37.5
56.6,37.5
63.3,37.5
64.2,37.5
78.9,37.5
86.5,37.5
21.3,37.4
25.6,37.4
29.1,37.4
29.8,37.4
33.9,37.4
44.6,37.4
46.2,37.4
46.7,37.4
55.8,37.4
63,37.4
63.4,37.4
70.2,37.4
72.5,37.4
72.7,37.4
75.9,37.4
76.8,37.4
78,37.4
80.2,37.4
80.3,37.4
18.9,37.3
19.3,37.3
22.4,37.3
25.6,37.3
26.9,37.3
32.7,37.3
34.4,37.3
37.4,37.3
38.7,37.3
40.7,37.3
48.3,37.3
50.7,37.3
53.2,37.3
54.7,37.3
54.8,37.3
61,37.3
62.4,37.3
65.2,37.3
67.5,37.3
69.7,37.3
70.4,37.3
76.9,37.3
77.7,37.3
33.9,37.2
44.3,37.2
53.9,37.2
55.7,37.2
61.2,37.2
68.6,37.2
79.3,37.2
19.5,37.1
19.7,37.1
22.1,37.1
30.9,37.1
37.7,37.1
38.1,37.1
40.9,37.1
50.2,37.1
57.5,37.1
59.8,37.1
73.8,37.1
76.8,37.1
33.1,37
46.6,37
47,37
56.4,37
57.3,37
62.7,37
75.4,37
79.6,37
19.7,36.9
20.1,36.9
39,36.9
42.9,36.9
52.6,36.9
63.4,36.9
63.5,36.9
65.5,36.9
67,36.9
67.9,36.9
73.5,36.9
19.3,36.8
26.1,36.8
34.1,36.8
40.4,36.8
43.4,36.8
43.6,36.8
47.7,36.8
58.4,36.8
67.5,36.8
69.6,36.8
76.6,36.8
79.1,36.8
24.8,36.7
26.5,36.7
33.1,36.7
42.5,36.7
48.6,36.7
49.7,36.7
52.3,36.7
52.4,36.7
60.3,36.7
66.6,36.7
70.9,36.7
78.8,36.7
21.8,36.6
24,36.6
24.2,36.6
24.4,36.6
25,36.6
27.3,36.6
28.5,36.6
33.6,36.6
38.1,36.6
47.4,36.6
54.5,36.6
64.8,36.6
80.3,36.6
27.5,36.5
27.9,36.5
29.3,36.5
43.3,36.5
69.1,36.5
73.1,36.5
77.7,36.5
20,36.4
28.2,36.4
28.9,36.4
35,36.4
37.9,36.4
43.1,36.4
45.6,36.4
57.9,36.4
65,36.4
75,36.4
77.7,36.4
78.8,36.4
18.2,36.3
23.9,36.3
26.9,36.3
27,36.3
33.9,36.3
40.6,36.3
41.6,36.3
46.2,36.3
52.8,36.3
68.9,36.3
77.7,36.3
20.8,36.2
24.7,36.2
27.9,36.2
33.3,36.2
33.4,36.2
36.9,36.2
38,36.2
51.6,36.2
64.9,36.2
69.5,36.2
70.9,36.2
74.4,36.2
31.3,36.1
39.7,36.1
41.3,36.1
41.6,36.1
51,36.1
52.6,36.1
55.3,36.1
59.6,36.1
65.3,36.1
66.6,36.1
66.8,36.1
69.1,36.1
69.9,36.1
70.3,36.1
71.4,36.1
73.9,36.1
76,36.1
12.3,36
24.1,36
28.3,36
32.4,36
38.6,36
45.3,36
45.9,36
51.6,36
53.5,36
66.9,36
68.5,36
74.9,36
76.1,36
80.4,36
10.9,35.9
26.7,35.9
31.1,35.9
37,35.9
44,35.9
45.9,35.9
47.4,35.9
48.5,35.9
55.1,35.9
62,35.9
62.9,35.9
63.3,35.9
63.7,35.9
67.2,35.9
1,35.8
21.1,35.8
26.8,35.8
32,35.8
40,35.8
44.7,35.8
50.9,35.8
51.3,35.8
53.8,35.8
65.1,35.8
68.7,35.8
79.2,35.8
13.8,35.7
25.8,35.7
28.4,35.7
31.4,35.7
39.7,35.7
42.9,35.7
46.2,35.7
48.2,35.7
50.3,35.7
53.1,35.7
53.7,35.7
55.5,35.7
68.3,35.7
76.2,35.7
98,35.7
19.9,35.6
20.9,35.6
23.7,35.6
27.8,35.6
28,35.6
28.2,35.6
28.5,35.6
35.1,35.6
37.5,35.6
39,35.6
40.6,35.6
42.8,35.6
44.2,35.6
45.7,35.6
49.7,35.6
55.4,35.6
58.6,35.6
65,35.6
68.8,35.6
70.8,35.6
76.7,35.6
20.7,35.5
22.5,35.5
25.4,35.5
31.1,35.5
34.9,35.5
44.4,35.5
45.3,35.5
60.2,35.5
68.8,35.5
70.7,35.5
71.3,35.5
74.2,35.5
76.5,35.5
78.4,35.5
63,35.4
66.6,35.4
74.2,35.4
75.4,35.4
17.6,35.3
20.4,35.3
25.1,35.3
28.4,35.3
29.1,35.3
37.2,35.3
48.1,35.3
68.5,35.3
69,35.3
71.9,35.3
74.3,35.3
75.3,35.3
78.6,35.3
79.1,35.3
25.6,35.2
30,35.2
37.8,35.2
39.9,35.2
40.5,35.2
43.3,35.2
44.1,35.2
44.7,35.2
45.8,35.2
46.9,35.2
56.3,35.2
59.6,35.2
60.1,35.2
61.5,35.2
70.3,35.2
70.6,35.2
70.8,35.2
78.4,35.2
20.5,35.1
24,35.1
24.1,35.1
27.3,35.1
28.5,35.1
30.9,35.1
37.4,35.1
42.5,35.1
44.2,35.1
44.7,35.1
52,35.1
55.6,35.1
61.4,35.1
62.5,35.1
65.1,35.1
66.1,35.1
74,35.1
75.6,35.1
77.9,35.1
78.4,35.1
80.2,35.1
22.1,35
24,35
26.1,35
26.6,35
29.7,35
40.8,35
54.9,35
55.2,35
56.5,35
60.1,35
67.1,35
19.5,34.9
25.9,34.9
29.4,34.9
32.8,34.9
33.4,34.9
33.5,34.9
35,34.9
41.6,34.9
44.6,34.9
46.3,34.9
46.7,34.9
49.4,34.9
53.7,34.9
54.6,34.9
61.6,34.9
62.3,34.9
64.2,34.9
70.2,34.9
80.4,34.9
80.7,34.9
80.8,34.9
82.2,34.9
18.9,34.8
20.5,34.8
30,34.8
33.6,34.8
38,34.8
38.1,34.8
40.1,34.8
40.6,34.8
42.6,34.8
56,34.8
62.5,34.8
65.6,34.8
69.8,34.8
71.8,34.8
72,34.8
74.1,34.8
22.2,34.7
31.3,34.7
32.3,34.7
34.2,34.7
36.6,34.7
44.8,34.7
50.5,34.7
51.1,34.7
52.2,34.7
71.2,34.7
76.8,34.7
17.8,34.6
26.9,34.6
31.7,34.6
36.9,34.6
46.2,34.6
50.9,34.6
52.8,34.6
56.1,34.6
56.4,34.6
61.8,34.6
64,34.6
68,34.6
70.9,34.6
71.8,34.6
75.1,34.6
26.1,34.5
34.4,34.5
35.3,34.5
37.1,34.5
38.8,34.5
40.5,34.5
47.6,34.5
47.7,34.5
49.2,34.5
57.9,34.5
61.6,34.5
63,34.5
68.9,34.5
70.8,34.5
71,34.5
71.6,34.5
75.9,34.5
17.9,34.4
18.3,34.4
19.1,34.4
21.4,34.4
25.4,34.4
27.5,34.4
28,34.4
32.8,34.4
32.9,34.4
35.3,34.4
35.9,34.4
43,34.4
48,34.4
50.1,34.4
55.5,34.4
75.5,34.4
81,34.4
21.5,34.3
25.8,34.3
34.6,34.3
35.8,34.3
41.9,34.3
42.6,34.3
42.9,34.3
44.1,34.3
50.7,34.3
55.9,34.3
62.6,34.3
66.7,34.3
76.2,34.3
82.6,34.3
18.2,34.2
22.7,34.2
29.4,34.2
31.1,34.2
32.2,34.2
32.4,34.2
36.3,34.2
37.8,34.2
40.5,34.2
41.7,34.2
43.6,34.2
50.2,34.2
57.4,34.2
61,34.2
63.1,34.2
67.2,34.2
74.2,34.2
82.3,34.2
82.4,34.2
20,34.1
21.9,34.1
31.7,34.1
34.6,34.1
34.7,34.1
35.6,34.1
48.1,34.1
53.3,34.1
60.3,34.1
71.5,34.1
72.9,34.1
80.3,34.1
19.2,34
20,34
20.7,34
29.2,34
30.4,34
30.8,34
39.1,34
40.2,34
51.3,34
57.1,34
57.2,34
57.9,34
65.6,34
76.9,34
28.2,33.9
32.8,33.9
33,33.9
33.3,33.9
39,33.9
40.3,33.9
51.5,33.9
57.2,33.9
58.3,33.9
68.4,33.9
72.9,33.9
79.3,33.9
17.4,33.8
18.1,33.8
25.6,33.8
26.5,33.8
36.7,33.8
38,33.8
39.6,33.8
51.4,33.8
51.9,33.8
63.9,33.8
67.4,33.8
68.9,33.8
73,33.8
73.7,33.8
74.4,33.8
78.8,33.8
81.6,33.8
19.3,33.7
28.2,33.7
29.1,33.7
31.2,33.7
32.1,33.7
35.4,33.7
61.6,33.7
62.7,33.7
66,33.7
68.6,33.7
75.2,33.7
85.6,33.7
36.2,33.6
41.3,33.6
44.6,33.6
46,33.6
48.3,33.6
51.1,33.6
53.3,33.6
54,33.6
58.9,33.6
61,33.6
69.5,33.6
77.8,33.6
16.6,33.5
25.9,33.5
28.2,33.5
48.7,33.5
50.4,33.5
53.6,33.5
56.2,33.5
59.1,33.5
60.9,33.5
61.9,33.5
71.6,33.5
71.8,33.5
80.5,33.5
80.8,33.5
29,33.4
32.7,33.4
33.3,33.4
34,33.4
45.5,33.4
48.8,33.4
52,33.4
52.7,33.4
53.2,33.4
57.1,33.4
61.2,33.4
67.4,33.4
69.5,33.4
69.6,33.4
80.9,33.4
16.5,33.3
21.2,33.3
24.5,33.3
25.3,33.3
28.1,33.3
29,33.3
46.7,33.3
49.3,33.3
52.5,33.3
72.3,33.3
17.9,33.2
48.7,33.2
63.4,33.2
66.1,33.2
25.6,33.1
27.9,33.1
32.2,33.1
33.8,33.1
41.7,33.1
46.1,33.1
46.8,33.1
51.1,33.1
56,33.1
58.7,33.1
59.6,33.1
61.2,33.1
64.5,33.1
67.5,33.1
69.3,33.1
79.5,33.1
17.6,33
19.1,33
23.1,33
29,33
29.9,33
31.7,33
34.7,33
34.9,33
38.1,33
42.5,33
44.4,33
47.5,33
69.9,33
70.2,33
76.5,33
78.6,33
21.5,32.9
23.1,32.9
24.4,32.9
26.2,32.9
30,32.9
33.4,32.9
34.1,32.9
36.1,32.9
43,32.9
46.3,32.9
47.1,32.9
47.4,32.9
48.2,32.9
52,32.9
61.9,32.9
65.4,32.9
68.4,32.9
76.7,32.9
80.3,32.9
82.6,32.9
83,32.9
19.1,32.8
19.3,32.8
29.3,32.8
29.4,32.8
34,32.8
35.1,32.8
36.9,32.8
39.1,32.8
40.2,32.8
48.3,32.8
48.8,32.8
52.6,32.8
55,32.8
61.2,32.8
63.6,32.8
66.6,32.8
66.8,32.8
72,32.8
77,32.8
78.9,32.8
97.3,32.8
18.5,32.7
19.8,32.7
29.6,32.7
31.6,32.7
33.9,32.7
36.3,32.7
37.8,32.7
39.4,32.7
43.8,32.7
50,32.7
50.2,32.7
55,32.7
56.2,32.7
56.8,32.7
57.8,32.7
61.1,32.7
63.2,32.7
63.4,32.7
73.2,32.7
81.1,32.7
17,32.6
19.1,32.6
20.5,32.6
34.1,32.6
37.8,32.6
46.9,32.6
47.8,32.6
54.2,32.6
58.8,32.6
65.9,32.6
77.9,32.6
78.4,32.6
81.9,32.6
17.6,32.5
22.8,32.5
31.7,32.5
34.7,32.5
42.8,32.5
45.7,32.5
51.3,32.5
55.1,32.5
55.6,32.5
56.3,32.5
56.9,32.5
58,32.5
71,32.5
72.6,32.5
78.2,32.5
79.1,32.5
16.4,32.4
16.9,32.4
17.8,32.4
19.5,32.4
21.6,32.4
33.2,32.4
34.6,32.4
35.4,32.4
47.4,32.4
47.9,32.4
49.4,32.4
52.6,32.4
55.5,32.4
60.1,32.4
64.6,32.4
75.2,32.4
78.7,32.4
82.9,32.4
19,32.3
29,32.3
29.8,32.3
34,32.3
38.6,32.3
44.6,32.3
48.1,32.3
57.8,32.3
59.1,32.3
60.8,32.3
67.8,32.3
16.8,32.2
17.5,32.2
19.4,32.2
24.9,32.2
37.8,32.2
41.6,32.2
41.8,32.2
52.4,32.2
58.4,32.2
77.2,32.2
17.6,32.1
25.2,32.1
33.2,32.1
40.8,32.1
46,32.1
51.4,32.1
56.6,32.1
57.6,32.1
78.2,32.1
82.1,32.1
26.1,32
26.8,32
33.3,32
33.7,32
43.7,32
47.8,32
50.3,32
51.4,32
53.4,32
57.4,32
61,32
72.3,32
73.4,32
74.2,32
80.3,32
83.2,32
83.4,32
17.8,31.9
22,31.9
36.2,31.9
36.7,31.9
38.1,31.9
38.8,31.9
39.8,31.9
41.9,31.9
47.2,31.9
48.1,31.9
49.4,31.9
49.6,31.9
50.7,31.9
52.3,31.9
53.3,31.9
64.9,31.9
68.3,31.9
76.6,31.9
15.8,31.8
22.9,31.8
31.4,31.8
32,31.8
33.5,31.8
35.5,31.8
48.6,31.8
54.2,31.8
54.4,31.8
60.3,31.8
62.9,31.8
68.8,31.8
70.8,31.8
72.9,31.8
79,31.8
81.5,31.8
82.7,31.8
15.5,31.7
29.2,31.7
29.4,31.7
39.4,31.7
46.6,31.7
49,31.7
54.3,31.7
59.4,31.7
64.3,31.7
24.4,31.6
25.2,31.6
25.9,31.6
29.7,31.6
31.2,31.6
31.7,31.6
50.1,31.6
51.8,31.6
64.8,31.6
71.1,31.6
19.1,31.5
33.9,31.5
37,31.5
38,31.5
39.1,31.5
41.7,31.5
42.9,31.5
46.6,31.5
50.2,31.5
58.6,31.5
71.8,31.5
73.7,31.5
75,31.5
83,31.5
30.9,31.4
32.4,31.4
35.9,31.4
37.4,31.4
42.6,31.4
44.9,31.4
45.9,31.4
46.7,31.4
47.2,31.4
56.2,31.4
60.7,31.4
65.9,31.4
67.9,31.4
69.1,31.4
16.4,31.3
22.7,31.3
27.2,31.3
28.2,31.3
31,31.3
37.5,31.3
38.1,31.3
38.3,31.3
44.9,31.3
57.7,31.3
60.6,31.3
66.7,31.3
67.5,31.3
70.4,31.3
78.4,31.3
79.9,31.3
80.5,31.3
83.7,31.3
17.3,31.2
18.4,31.2
18.7,31.2
21.5,31.2
27.2,31.2
28.3,31.2
32.6,31.2
33.9,31.2
37.2,31.2
37.5,31.2
38.5,31.2
40.8,31.2
47.3,31.2
49.6,31.2
51.4,31.2
71.1,31.2
74.2,31.2
74.9,31.2
78.7,31.2
79.7,31.2
83.4,31.2
15.4,31.1
42.9,31.1
48.3,31.1
48.6,31.1
52.2,31.1
59,31.1
59.4,31.1
68.9,31.1
69.9,31.1
84,31.1
18.7,31
25.5,31
26,31
28,31
28.3,31
34.6,31
41.2,31
46.1,31
49.7,31
54.1,31
55.3,31
65.3,31
65.5,31
70.8,31
71.7,31
74.2,31
81,31
81.2,31
82.1,31
18.2,30.9
20.8,30.9
26.5,30.9
29.8,30.9
35.8,30.9
37.7,30.9
43.5,30.9
45.1,30.9
48.7,30.9
56,30.9
57.6,30.9
62.4,30.9
63.5,30.9
69.9,30.9
75.7,30.9
76.8,30.9
83.8,30.9
84.2,30.9
84.4,30.9
23.7,30.8
26.1,30.8
27,30.8
31.8,30.8
34,30.8
34.7,30.8
35,30.8
38.9,30.8
39.7,30.8
44.9,30.8
48.5,30.8
57,30.8
61.2,30.8
61.5,30.8
65,30.8
66.3,30.8
72,30.8
80,30.8
15,30.7
18.9,30.7
22.9,30.7
31.4,30.7
32.4,30.7
36.9,30.7
38.1,30.7
38.9,30.7
43.3,30.7
47.6,30.7
62.2,30.7
75.8,30.7
78.6,30.7
83.3,30.7
16.3,30.6
23.8,30.6
28.4,30.6
33.3,30.6
34.7,30.6
35.3,30.6
35.7,30.6
38.8,30.6
41.7,30.6
48.7,30.6
55.8,30.6
58.6,30.6
62.8,30.6
73.5,30.6
73.8,30.6
74.5,30.6
83.3,30.6
18.8,30.5
20,30.5
23.8,30.5
24.2,30.5
24.9,30.5
27.5,30.5
32.7,30.5
33.7,30.5
46.2,30.5
47.2,30.5
52,30.5
55.9,30.5
62.3,30.5
68.5,30.5
79.5,30.5
79.9,30.5
80.1,30.5
80.4,30.5
93.5,30.5
17.3,30.4
23,30.4
25.3,30.4
26.5,30.4
29.6,30.4
38,30.4
38.9,30.4
40.8,30.4
41,30.4
41.9,30.4
49.5,30.4
56.5,30.4
61.6,30.4
68.8,30.4
77.9,30.4
84.2,30.4
15.1,30.3
27.4,30.3
29.8,30.3
38.2,30.3
40.2,30.3
40.6,30.3
46.8,30.3
47.4,30.3
57.2,30.3
59.1,30.3
60.8,30.3
66.7,30.3
70.6,30.3
82.5,30.3
84.6,30.3
23.6,30.2
24.6,30.2
34.7,30.2
45.4,30.2
47.6,30.2
48.8,30.2
50.2,30.2
59.4,30.2
67,30.2
68.1,30.2
70.4,30.2
81.6,30.2
83.2,30.2
21.4,30.1
34.9,30.1
35.9,30.1
38.8,30.1
39.2,30.1
39.9,30.1
41.2,30.1
45.3,30.1
49,30.1
50.2,30.1
52.1,30.1
56.4,30.1
58.1,30.1
61.8,30.1
69.2,30.1
85.1,30.1
15.5,30
16.3,30
19.6,30
33.4,30
38.2,30
40,30
44.4,30
46.2,30
49.6,30
62.4,30
63,30
63.9,30
70.5,30
72.7,30
72.8,30
82.4,30
17.2,29.9
20.1,29.9
20.8,29.9
25.7,29.9
27.1,29.9
27.8,29.9
32.9,29.9
36.4,29.9
44,29.9
45.1,29.9
52.1,29.9
54.5,29.9
61.8,29.9
66.3,29.9
72.4,29.9
72.5,29.9
81.9,29.9
15.4,29.8
17.8,29.8
19.5,29.8
23.9,29.8
26.8,29.8
28.5,29.8
32.1,29.8
32.5,29.8
34.3,29.8
37.6,29.8
47.7,29.8
70.5,29.8
72.3,29.8
73.9,29.8
79.7,29.8
83.9,29.8
17.7,29.7
24.8,29.7
25.8,29.7
29.1,29.7
31.4,29.7
35.3,29.7
35.4,29.7
47,29.7
50.3,29.7
51.2,29.7
51.6,29.7
54,29.7
65.8,29.7
66.5,29.7
79.5,29.7
20.5,29.6
31,29.6
43.9,29.6
47.2,29.6
47.4,29.6
52.6,29.6
52.7,29.6
56,29.6
56.1,29.6
68.9,29.6
71.7,29.6
74.5,29.6
78.6,29.6
83.7,29.6
84.7,29.6
15.1,29.5
17.5,29.5
19.8,29.5
21.3,29.5
32,29.5
35.5,29.5
36.8,29.5
42.9,29.5
76.1,29.5
76.9,29.5
83,29.5
21.8,29.4
22.9,29.4
26.6,29.4
26.8,29.4
30.1,29.4
31.1,29.4
32.4,29.4
32.9,29.4
46.5,29.4
46.8,29.4
47.4,29.4
57.7,29.4
58.4,29.4
62.1,29.4
72.1,29.4
79.3,29.4
80.8,29.4
16.6,29.3
17.8,29.3
18.4,29.3
19.9,29.3
32,29.3
37.7,29.3
40.2,29.3
41.1,29.3
41.6,29.3
48.1,29.3
52.5,29.3
56.9,29.3
57.1,29.3
68.2,29.3
68.4,29.3
77.4,29.3
35.3,29.2
35.4,29.2
47.4,29.2
47.6,29.2
67.3,29.2
75.6,29.2
79.5,29.2
85,29.2
19.7,29.1
22.7,29.1
23.5,29.1
24.7,29.1
45.1,29.1
47,29.1
57.1,29.1
62.2,29.1
63.9,29.1
64.2,29.1
64.6,29.1
65.2,29.1
85.6,29.1
16.2,29
21.1,29
25.5,29
25.9,29
27.2,29
28.5,29
32.8,29
36.8,29
37.5,29
42.6,29
45.7,29
52.1,29
52.2,29
55.3,29
68.5,29
74.5,29
83.1,29
20.6,28.9
29,28.9
34.9,28.9
41.5,28.9
43.2,28.9
46.4,28.9
47.1,28.9
53.4,28.9
62.2,28.9
68.2,28.9
76.3,28.9
80.3,28.9
81.4,28.9
84.4,28.9
16,28.8
30.5,28.8
48.3,28.8
56,28.8
61.6,28.8
64.8,28.8
70.9,28.8
73.6,28.8
76.1,28.8
79.2,28.8
79.7,28.8
80.4,28.8
16.2,28.7
20.3,28.7
21.4,28.7
23.6,28.7
23.7,28.7
24.6,28.7
26.7,28.7
43,28.7
46.1,28.7
46.4,28.7
47.7,28.7
50.5,28.7
65.1,28.7
67.9,28.7
68,28.7
68.7,28.7
74.4,28.7
74.8,28.7
78.5,28.7
80.4,28.7
83.2,28.7
84.1,28.7
14.8,28.6
19.4,28.6
23.6,28.6
28.3,28.6
33.2,28.6
35.8,28.6
41.3,28.6
43.6,28.6
44.5,28.6
50.1,28.6
61.5,28.6
63,28.6
69,28.6
75.2,28.6
15.2,28.5
16.6,28.5
49,28.5
54,28.5
61.4,28.5
64.9,28.5
69.8,28.5
72.6,28.5
73.4,28.5
77.7,28.5
81.7,28.5
15.3,28.4
16.3,28.4
18.9,28.4
27.3,28.4
35.6,28.4
39,28.4
47.3,28.4
48.3,28.4
48.6,28.4
58.2,28.4
58.5,28.4
67,28.4
68.3,28.4
72.9,28.4
81.8,28.4
14.6,28.3
21.2,28.3
33.4,28.3
33.6,28.3
34.9,28.3
37.8,28.3
44.8,28.3
46.7,28.3
51.6,28.3
65.9,28.3
70.4,28.3
70.7,28.3
78.2,28.3
17.7,28.2
24.4,28.2
36,28.2
37.3,28.2
41.7,28.2
50.9,28.2
52.7,28.2
58.4,28.2
73,28.2
77.1,28.2
78.4,28.2
86,28.2
13.8,28.1
14,28.1
19.7,28.1
19.8,28.1
20.7,28.1
28.8,28.1
32.1,28.1
32.5,28.1
34.5,28.1
38.4,28.1
44.9,28.1
45.7,28.1
49.5,28.1
53.5,28.1
54.6,28.1
58,28.1
60.4,28.1
62.9,28.1
69.3,28.1
69.5,28.1
69.8,28.1
69.9,28.1
71.5,28.1
71.9,28.1
78.1,28.1
82.8,28.1
85.3,28.1
14.3,28
16.2,28
20.6,28
21.3,28
23.6,28
24.9,28
27.7,28
29.2,28
35.8,28
45.2,28
46.5,28
46.9,28
48.5,28
48.6,28
53.7,28
55.5,28
62.3,28
62.8,28
66.7,28
67,28
70.7,28
75,28
79.2,28
81.2,28
81.4,28
20,27.9
33.3,27.9
33.6,27.9
37.2,27.9
39,27.9
39.4,27.9
59.4,27.9
63.3,27.9
71.6,27.9
74.1,27.9
74.3,27.9
86.2,27.9
13.8,27.8
13.9,27.8
27.4,27.8
29,27.8
29.9,27.8
33.1,27.8
33.2,27.8
51.3,27.8
64.3,27.8
66.7,27.8
73.9,27.8
75.3,27.8
75.6,27.8
76.7,27.8
84.7,27.8
17.6,27.7
20.5,27.7
23.8,27.7
28.8,27.7
30.4,27.7
32.1,27.7
33.2,27.7
37.6,27.7
37.7,27.7
37.8,27.7
48.6,27.7
56.1,27.7
57,27.7
57.1,27.7
60.4,27.7
62.8,27.7
65.2,27.7
67.7,27.7
69.4,27.7
70.9,27.7
71.3,27.7
75,27.7
86.4,27.7
15.3,27.6
30.3,27.6
38.4,27.6
41.2,27.6
42.4,27.6
44.3,27.6
61.4,27.6
64.7,27.6
73.9,27.6
76.5,27.6
81.7,27.6
82,27.6
13.4,27.5
17.7,27.5
18.9,27.5
23.1,27.5
24,27.5
25.9,27.5
34.4,27.5
40.5,27.5
42.4,27.5
54.3,27.5
57.6,27.5
63.7,27.5
74,27.5
13.6,27.4
14,27.4
15.1,27.4
22.9,27.4
32.8,27.4
33.7,27.4
38,27.4
42.6,27.4
47.3,27.4
48.9,27.4
49,27.4
52.7,27.4
62.2,27.4
67.8,27.4
70.7,27.4
75.4,27.4
78.8,27.4
22.1,27.3
27.8,27.3
32.5,27.3
49.4,27.3
52,27.3
60.8,27.3
64.8,27.3
64.9,27.3
66.5,27.3
70.8,27.3
74.3,27.3
74.4,27.3
76.7,27.3
78.2,27.3
82.2,27.3
15.6,27.2
18.9,27.2
30,27.2
35.3,27.2
35.7,27.2
37.2,27.2
50.9,27.2
51.3,27.2
54.1,27.2
58.8,27.2
60.3,27.2
61,27.2
62.2,27.2
76.1,27.2
79.2,27.2
79.8,27.2
82.2,27.2
14.2,27.1
16.4,27.1
18,27.1
21.3,27.1
29.1,27.1
34.2,27.1
48.5,27.1
50.5,27.1
54,27.1
55.6,27.1
61.7,27.1
62.8,27.1
63.3,27.1
67.7,27.1
70.6,27.1
71.7,27.1
82.8,27.1
30.4,27
30.7,27
38.5,27
56.7,27
59,27
60.1,27
61.5,27
62,27
65.1,27
79.4,27
83.6,27
84,27
20.3,26.9
22.2,26.9
30,26.9
34.5,26.9
43.5,26.9
44.6,26.9
46.1,26.9
49.7,26.9
62.3,26.9
68.8,26.9
69.9,26.9
71,26.9
76,26.9
79.1,26.9
81,26.9
14.9,26.8
30.6,26.8
32.3,26.8
37.6,26.8
39,26.8
51.4,26.8
52.1,26.8
58.9,26.8
65.8,26.8
67.9,26.8
77.8,26.8
82.8,26.8
13,26.7
13.1,26.7
13.7,26.7
16.9,26.7
17.9,26.7
20.3,26.7
23.4,26.7
30.2,26.7
33,26.7
38.6,26.7
41.2,26.7
41.3,26.7
41.8,26.7
42.5,26.7
48.7,26.7
51.5,26.7
52.8,26.7
56.7,26.7
70.5,26.7
73.2,26.7
75.2,26.7
76,26.7
83.3,26.7
86.3,26.7
13.2,26.6
13.4,26.6
28.6,26.6
37.6,26.6
41.6,26.6
50.7,26.6
51.5,26.6
56.6,26.6
60.5,26.6
69,26.6
74.6,26.6
74.7,26.6
76.9,26.6
86.6,26.6
87,26.6
13.4,26.5
15.6,26.5
17.3,26.5
21.5,26.5
26.3,26.5
29.9,26.5
32.5,26.5
36,26.5
37.5,26.5
40.1,26.5
41.3,26.5
41.9,26.5
43.4,26.5
43.5,26.5
62.3,26.5
70.4,26.5
72.9,26.5
78.3,26.5
85.2,26.5
15.6,26.4
17.1,26.4
20.7,26.4
28.3,26.4
43.6,26.4
61.3,26.4
70.1,26.4
70.2,26.4
72.8,26.4
73.1,26.4
75,26.4
75.2,26.4
75.6,26.4
75.8,26.4
79.2,26.4
81.3,26.4
86.6,26.4
14.2,26.3
18.1,26.3
23.6,26.3
27.4,26.3
34.2,26.3
34.4,26.3
47.5,26.3
53.2,26.3
54.2,26.3
62.1,26.3
63.3,26.3
69.3,26.3
72.8,26.3
78.7,26.3
79.3,26.3
13.6,26.2
22.1,26.2
29.8,26.2
37.6,26.2
39.4,26.2
40.4,26.2
46.2,26.2
47.8,26.2
63.8,26.2
64.7,26.2
69.5,26.2
70.6,26.2
72.1,26.2
74.6,26.2
75.5,26.2
77.5,26.2
81.7,26.2
83.1,26.2
83.6,26.2
85.1,26.2
16.4,26.1
23.1,26.1
24.5,26.1
28.1,26.1
34.9,26.1
36.3,26.1
43.9,26.1
53.9,26.1
55.1,26.1
57.5,26.1
58.1,26.1
58.4,26.1
59.1,26.1
61.9,26.1
63.3,26.1
67,26.1
67.8,26.1
71.9,26.1
73.1,26.1
76.8,26.1
80.8,26.1
82.5,26.1
85.1,26.1
85.9,26.1
17.3,26
18.8,26
29.5,26
35.8,26
37.7,26
38.7,26
44.8,26
48.3,26
54.1,26
55.4,26
56.5,26
70,26
72,26
73.7,26
79.6,26
86.5,26
14.7,25.9
16.7,25.9
21.2,25.9
21.3,25.9
21.8,25.9
26.8,25.9
30.6,25.9
37.3,25.9
41.5,25.9
52.4,25.9
55,25.9
55.7,25.9
64.3,25.9
67.5,25.9
68.4,25.9
68.8,25.9
72.4,25.9
76,25.9
83,25.9
14.4,25.8
14.8,25.8
17.5,25.8
21.5,25.8
27.7,25.8
34.1,25.8
45.5,25.8
52.4,25.8
55.8,25.8
61,25.8
62.2,25.8
65.9,25.8
68.2,25.8
70.9,25.8
74.1,25.8
74.6,25.8
75.2,25.8
75.9,25.8
80.4,25.8
81,25.8
82.4,25.8
15.4,25.7
17.1,25.7
19.7,25.7
21,25.7
30.3,25.7
34.9,25.7
42,25.7
50.6,25.7
60.5,25.7
75.6,25.7
78.1,25.7
81,25.7
82.5,25.7
83.6,25.7
94.8,25.7
14.5,25.6
20.7,25.6
21,25.6
23.5,25.6
25.7,25.6
37.9,25.6
38.4,25.6
43,25.6
47.3,25.6
67.4,25.6
87.1,25.6
20.1,25.5
24,25.5
34.5,25.5
42.5,25.5
44.4,25.5
46.7,25.5
47.8,25.5
49.6,25.5
59.5,25.5
73.2,25.5
74.4,25.5
77.3,25.5
81.3,25.5
13.5,25.4
14.4,25.4
17,25.4
19.1,25.4
22.3,25.4
25.2,25.4
39.6,25.4
40.7,25.4
40.8,25.4
42.4,25.4
45.8,25.4
49.3,25.4
55.6,25.4
64.5,25.4
67.4,25.4
77.5,25.4
77.8,25.4
85.3,25.4
86.9,25.4
13.9,25.3
17.6,25.3
20.5,25.3
20.8,25.3
34.7,25.3
40.7,25.3
47.1,25.3
47.9,25.3
48.4,25.3
60.2,25.3
69.4,25.3
70.5,25.3
73.4,25.3
77.7,25.3
79,25.3
80.2,25.3
81.8,25.3
82.9,25.3
85,25.3
85.3,25.3
12.8,25.2
16.9,25.2
19.9,25.2
27.4,25.2
34.8,25.2
39.8,25.2
40.4,25.2
43.4,25.2
45.3,25.2
45.7,25.2
48.8,25.2
49.8,25.2
55.5,25.2
56.7,25.2
66.2,25.2
67.4,25.2
70.1,25.2
75.8,25.2
76.2,25.2
16.5,25.1
23.1,25.1
24.7,25.1
26.1,25.1
40.6,25.1
46.6,25.1
46.9,25.1
47.3,25.1
50.7,25.1
51.6,25.1
55.9,25.1
65.2,25.1
66.7,25.1
78,25.1
84.2,25.1
84.6,25.1
6.5,25
16.5,25
24.6,25
25.3,25
27.2,25
29.5,25
30.5,25
46.4,25
52.9,25
55,25
55.4,25
58.8,25
59.4,25
72.4,25
74.5,25
83.6,25
17.6,24.9
19.4,24.9
20.5,24.9
24.1,24.9
25.5,24.9
30.4,24.9
35.7,24.9
39.8,24.9
42.6,24.9
52.1,24.9
69.1,24.9
73.8,24.9
74.7,24.9
75.1,24.9
81.3,24.9
87.7,24.9
13.4,24.8
14.4,24.8
26.1,24.8
28.4,24.8
43.3,24.8
54.1,24.8
60.3,24.8
68.4,24.8
72.4,24.8
84.6,24.8
15.5,24.7
20.3,24.7
24.9,24.7
27.1,24.7
31.3,24.7
33.7,24.7
43.1,24.7
50.8,24.7
60.7,24.7
64,24.7
77.8,24.7
79.7,24.7
13.1,24.6
13.8,24.6
17.4,24.6
20.2,24.6
23.3,24.6
27.4,24.6
30,24.6
32.1,24.6
37.8,24.6
45.1,24.6
45.8,24.6
47.3,24.6
47.5,24.6
48.3,24.6
53.2,24.6
53.6,24.6
58.4,24.6
66.6,24.6
67.1,24.6
71,24.6
85.5,24.6
19.8,24.5
20,24.5
29.4,24.5
30.6,24.5
31,24.5
34,24.5
35.9,24.5
43,24.5
45.1,24.5
47.8,24.5
49.2,24.5
59,24.5
62,24.5
68,24.5
72.2,24.5
76.4,24.5
78.3,24.5
81.7,24.5
83.4,24.5
84.1,24.5
14,24.4
19.1,24.4
28.2,24.4
33.8,24.4
33.9,24.4
35.6,24.4
38.8,24.4
40.2,24.4
47.8,24.4
48.4,24.4
52,24.4
60.9,24.4
70.2,24.4
70.3,24.4
74.9,24.4
75.2,24.4
78.8,24.4
86.4,24.4
26.8,24.3
29.2,24.3
30.9,24.3
39,24.3
39.9,24.3
41.7,24.3
46.1,24.3
49.8,24.3
52.9,24.3
55.1,24.3
58.6,24.3
63.4,24.3
67.6,24.3
75.5,24.3
76.1,24.3
79.8,24.3
80.6,24.3
87.8,24.3
13.9,24.2
19.2,24.2
27.8,24.2
29.5,24.2
29.6,24.2
32.5,24.2
37.2,24.2
46.4,24.2
46.7,24.2
47.1,24.2
55.8,24.2
60.9,24.2
61.9,24.2
64.5,24.2
73.2,24.2
74,24.2
12.9,24.1
23.4,24.1
26.9,24.1
27.4,24.1
29,24.1
39.1,24.1
41.8,24.1
44.9,24.1
57,24.1
59.9,24.1
60.3,24.1
61.5,24.1
63.5,24.1
72.5,24.1
80.9,24.1
82.1,24.1
82.7,24.1
12.6,24
14.9,24
17.5,24
20.9,24
24.1,24
31,24
34.6,24
36.9,24
40.5,24
41.7,24
45,24
47.1,24
49.7,24
58.5,24
62.4,24
63.8,24
66.6,24
69.9,24
74.9,24
76.6,24
84.3,24
86.1,24
87.5,24
14.9,23.9
17,23.9
25.2,23.9
25.3,23.9
35.4,23.9
39.5,23.9
44.5,23.9
46.4,23.9
47,23.9
47.7,23.9
50.1,23.9
52.5,23.9
55.9,23.9
60.9,23.9
63.5,23.9
64.5,23.9
72.1,23.9
74.9,23.9
85.3,23.9
98.2,23.9
17.8,23.8
18.7,23.8
24.2,23.8
29.5,23.8
32.3,23.8
42.9,23.8
55.5,23.8
59.7,23.8
60,23.8
70.9,23.8
73.4,23.8
74.3,23.8
74.7,23.8
80,23.8
84.6,23.8
85.2,23.8
17.3,23.7
18.5,23.7
22.2,23.7
22.7,23.7
30.3,23.7
33,23.7
42.9,23.7
52.1,23.7
57.6,23.7
57.8,23.7
67.8,23.7
71.5,23.7
80.1,23.7
87.1,23.7
13.3,23.6
15.7,23.6
19.5,23.6
20.5,23.6
22.5,23.6
26.5,23.6
34.2,23.6
34.7,23.6
35.5,23.6
46.6,23.6
48.6,23.6
50.8,23.6
52.5,23.6
70,23.6
81,23.6
82.5,23.6
12.3,23.5
23.9,23.5
25.7,23.5
39.5,23.5
49.4,23.5
49.7,23.5
52.2,23.5
63.1,23.5
66.9,23.5
67.2,23.5
67.6,23.5
67.7,23.5
70.6,23.5
71.2,23.5
76,23.5
76.8,23.5
19.2,23.4
19.7,23.4
21.6,23.4
33.8,23.4
37.2,23.4
38,23.4
41.2,23.4
41.7,23.4
46.3,23.4
48.2,23.4
50,23.4
54.7,23.4
61.4,23.4
63.4,23.4
65.4,23.4
70,23.4
70.4,23.4
80.7,23.4
84.1,23.4
4.4,23.3
22,23.3
22.9,23.3
28.5,23.3
36.5,23.3
45.3,23.3
51.6,23.3
52.6,23.3
53.7,23.3
53.8,23.3
59.5,23.3
74.7,23.3
83.9,23.3
84.1,23.3
11.7,23.2
21.3,23.2
25,23.2
33.3,23.2
55.5,23.2
57.6,23.2
64.3,23.2
68.2,23.2
71.1,23.2
72.6,23.2
73,23.2
76.4,23.2
77.8,23.2
78.1,23.2
78.6,23.2
83.5,23.2
88.2,23.2
18.9,23.1
19,23.1
26.1,23.1
27.3,23.1
31.2,23.1
39,23.1
41.5,23.1
42.2,23.1
42.8,23.1
46.1,23.1
47.1,23.1
49.6,23.1
62.5,23.1
63.5,23.1
63.8,23.1
65,23.1
72.2,23.1
75.5,23.1
79,23.1
83.6,23.1
84.6,23.1
14.7,23
29.7,23
30.9,23
37.6,23
66.9,23
69.9,23
76.2,23
78.4,23
79.3,23
80.4,23
82.3,23
88.2,23
88.4,23
88.6,23
11.6,22.9
11.8,22.9
18.6,22.9
21.5,22.9
21.6,22.9
22.1,22.9
27.3,22.9
34,22.9
35.9,22.9
41.4,22.9
43.9,22.9
45.4,22.9
53.9,22.9
56.5,22.9
66,22.9
68.2,22.9
70.9,22.9
76.9,22.9
77.6,22.9
81.6,22.9
82.5,22.9
86.4,22.9
9.6,22.8
11.6,22.8
15.5,22.8
15.8,22.8
19,22.8
26.8,22.8
33.8,22.8
42.2,22.8
43.2,22.8
51.9,22.8
54.5,22.8
57.9,22.8
64.4,22.8
65.3,22.8
65.9,22.8
67.9,22.8
73.8,22.8
74.8,22.8
81.9,22.8
85.2,22.8
18.1,22.7
29.2,22.7
31.9,22.7
32.4,22.7
40.8,22.7
50.2,22.7
50.6,22.7
52.6,22.7
61.5,22.7
62.3,22.7
64.7,22.7
65.5,22.7
65.6,22.7
69.6,22.7
80.1,22.7
81.5,22.7
81.6,22.7
82.3,22.7
83.2,22.7
11.7,22.6
12.1,22.6
19.5,22.6
25.8,22.6
27.1,22.6
27.3,22.6
27.4,22.6
35.7,22.6
54.3,22.6
55.7,22.6
55.8,22.6
56.3,22.6
57.6,22.6
60.3,22.6
62.9,22.6
67.1,22.6
75.4,22.6
85.2,22.6
85.8,22.6
87.3,22.6
11.4,22.5
25.1,22.5
28.1,22.5
35.4,22.5
35.8,22.5
38.4,22.5
56.4,22.5
57.4,22.5
73.5,22.5
73.7,22.5
75,22.5
86.4,22.5
17.1,22.4
17.7,22.4
27.8,22.4
30.4,22.4
30.5,22.4
37.3,22.4
38,22.4
41.3,22.4
58.3,22.4
59.1,22.4
65.2,22.4
66.8,22.4
68.1,22.4
76.4,22.4
76.7,22.4
82.8,22.4
84.9,22.4
13.3,22.3
49.5,22.3
59.5,22.3
71.4,22.3
72.6,22.3
72.9,22.3
76.9,22.3
80.6,22.3
11.7,22.2
15.2,22.2
26.5,22.2
26.8,22.2
30,22.2
31.9,22.2
34.5,22.2
48.4,22.2
52,22.2
54.7,22.2
55.4,22.2
58.2,22.2
65.6,22.2
68.4,22.2
69,22.2
69.7,22.2
73.2,22.2
74.7,22.2
79.1,22.2
79.5,22.2
79.8,22.2
81.6,22.2
83.1,22.2
85.4,22.2
13.9,22.1
18.7,22.1
22.8,22.1
26.9,22.1
30.5,22.1
32.1,22.1
58.3,22.1
61.4,22.1
70.4,22.1
73.6,22.1
75.3,22.1
78,22.1
80,22.1
81,22.1
19.9,22
25.2,22
27,22
35.9,22
36.7,22
39.1,22
40,22
43.8,22
44.2,22
48.7,22
51,22
52,22
57.2,22
62.1,22
64.2,22
67,22
69.9,22
72.2,22
77,22
78.1,22
81,22
84.6,22
85.2,22
11.5,21.9
13.6,21.9
14.8,21.9
20.4,21.9
29.4,21.9
30.5,21.9
32.6,21.9
33.5,21.9
35.8,21.9
36.4,21.9
37.2,21.9
40.8,21.9
44,21.9
44.4,21.9
45,21.9
45.4,21.9
52.7,21.9
57.3,21.9
63.8,21.9
64.4,21.9
66.1,21.9
68.3,21.9
71.6,21.9
72.6,21.9
74.3,21.9
81,21.9
81.2,21.9
83.9,21.9
12.3,21.8
16.8,21.8
16.9,21.8
27,21.8
27.5,21.8
34.3,21.8
37.4,21.8
37.8,21.8
40.1,21.8
45.9,21.8
49.8,21.8
57.8,21.8
67,21.8
76.5,21.8
76.6,21.8
79.4,21.8
80.7,21.8
87.2,21.8
10.9,21.7
22.1,21.7
23.3,21.7
35.9,21.7
40.4,21.7
42,21.7
45,21.7
45.1,21.7
49.5,21.7
50.8,21.7
53.4,21.7
56.5,21.7
57.9,21.7
58.7,21.7
65.3,21.7
71.1,21.7
71.6,21.7
78.2,21.7
78.4,21.7
79.8,21.7
85,21.7
85.8,21.7
8.1,21.6
11,21.6
12.3,21.6
12.7,21.6
16.7,21.6
17.8,21.6
28.2,21.6
29.2,21.6
29.7,21.6
40.7,21.6
45.1,21.6
45.5,21.6
49.2,21.6
50.7,21.6
55.3,21.6
58.3,21.6
61.8,21.6
68.4,21.6
82.9,21.6
84.8,21.6
90.7,21.6
11.8,21.5
16.6,21.5
20.6,21.5
28.2,21.5
32.4,21.5
52.9,21.5
53,21.5
55.6,21.5
60,21.5
64.5,21.5
69.1,21.5
74.8,21.5
75.8,21.5
76.9,21.5
81.9,21.5
14.2,21.4
14.5,21.4
18.1,21.4
19.3,21.4
30.5,21.4
32.5,21.4
34,21.4
38,21.4
46.9,21.4
54.9,21.4
55.5,21.4
62.7,21.4
73.2,21.4
73.5,21.4
79.2,21.4
85.3,21.4
85.7,21.4
89.3,21.4
16.7,21.3
18.3,21.3
19.9,21.3
21.7,21.3
22.6,21.3
35.5,21.3
38.7,21.3
42.9,21.3
51.6,21.3
62.2,21.3
66.4,21.3
68.2,21.3
72.3,21.3
75.6,21.3
77.6,21.3
78.2,21.3
87.8,21.3
17.4,21.2
19,21.2
19.5,21.2
19.9,21.2
20.3,21.2
37.7,21.2
48.7,21.2
51,21.2
51.2,21.2
53.6,21.2
56.6,21.2
61.3,21.2
65.9,21.2
72.1,21.2
75,21.2
77,21.2
79.2,21.2
82.6,21.2
88.5,21.2
10.9,21.1
13.1,21.1
26.3,21.1
34,21.1
34.6,21.1
35.1,21.1
50.1,21.1
59.1,21.1
62.2,21.1
65.7,21.1
71.6,21.1
73.5,21.1
79.3,21.1
89.4,21.1
10.8,21
13.2,21
17.6,21
18,21
29.9,21
30.7,21
32.3,21
38.3,21
39.1,21
43.5,21
50,21
52.4,21
60.3,21
60.9,21
63,21
66.4,21
71.7,21
73.8,21
75.4,21
76.4,21
17.2,20.9
21.6,20.9
22.6,20.9
24.2,20.9
30.9,20.9
32,20.9
32.5,20.9
38.8,20.9
43.2,20.9
44.3,20.9
45.5,20.9
49.5,20.9
54.1,20.9
62.9,20.9
63.6,20.9
65.9,20.9
75.9,20.9
77.5,20.9
78.1,20.9
78.4,20.9
80.3,20.9
85.2,20.9
85.7,20.9
89,20.9
10.5,20.8
14.4,20.8
17.9,20.8
21.3,20.8
21.8,20.8
26.3,20.8
32.2,20.8
33,20.8
33.4,20.8
36.9,20.8
38.9,20.8
55.8,20.8
56.9,20.8
60.5,20.8
68.7,20.8
77.5,20.8
79.8,20.8
84.2,20.8
87.6,20.8
12.9,20.7
21.2,20.7
24,20.7
27.9,20.7
33.7,20.7
34.6,20.7
36.8,20.7
39.4,20.7
40.5,20.7
46.8,20.7
49.4,20.7
49.8,20.7
50.6,20.7
50.8,20.7
54.9,20.7
61.5,20.7
65.5,20.7
70.2,20.7
73,20.7
74.8,20.7
76.2,20.7
78.6,20.7
85,20.7
86,20.7
29,20.6
32.4,20.6
36.4,20.6
37.5,20.6
38,20.6
44.3,20.6
47.5,20.6
54.6,20.6
54.8,20.6
59.2,20.6
61.7,20.6
64.1,20.6
66.4,20.6
68.7,20.6
81.7,20.6
87.5,20.6
89.7,20.6
16.9,20.5
21.4,20.5
23.4,20.5
24.5,20.5
27,20.5
37.1,20.5
38.1,20.5
39.8,20.5
44.8,20.5
50.5,20.5
54.7,20.5
62.9,20.5
63.2,20.5
64,20.5
65,20.5
65.1,20.5
66.7,20.5
70.5,20.5
84.3,20.5
87.3,20.5
88.3,20.5
88.4,20.5
22.3,20.4
24.3,20.4
25.7,20.4
29.7,20.4
33.9,20.4
42.3,20.4
48.8,20.4
49.9,20.4
50.8,20.4
56.3,20.4
63.3,20.4
65.4,20.4
80.5,20.4
84.2,20.4
84.8,20.4
26.9,20.3
32.5,20.3
36.8,20.3
43.9,20.3
50.3,20.3
51.7,20.3
56,20.3
60.1,20.3
61.4,20.3
66.5,20.3
67.4,20.3
70.8,20.3
71.4,20.3
78.8,20.3
83,20.3
83.1,20.3
85.1,20.3
11.7,20.2
30.6,20.2
31.4,20.2
35.3,20.2
36.2,20.2
40.6,20.2
45.8,20.2
49.1,20.2
62.1,20.2
62.5,20.2
65.5,20.2
12.1,20.1
18.1,20.1
23.2,20.1
24.9,20.1
27.2,20.1
30.1,20.1
31.7,20.1
40.2,20.1
46.9,20.1
51.6,20.1
54.1,20.1
54.6,20.1
60.1,20.1
64.6,20.1
67.4,20.1
76.4,20.1
86.9,20.1
14.4,20
16.8,20
22.3,20
43.3,20
47,20
50.2,20
57.7,20
62.8,20
64.2,20
72.5,20
76,20
81.9,20
87.7,20
89.2,20
13.2,19.9
18.3,19.9
21.1,19.9
22.2,19.9
23.4,19.9
26,19.9
37.7,19.9
47,19.9
52.9,19.9
59.1,19.9
63.6,19.9
71.3,19.9
71.4,19.9
71.8,19.9
72.9,19.9
74.9,19.9
78.6,19.9
79.1,19.9
80.2,19.9
84.5,19.9
10.3,19.8
12.2,19.8
13.1,19.8
16.1,19.8
19.9,19.8
23.4,19.8
24.6,19.8
30.1,19.8
32.1,19.8
34.7,19.8
35.4,19.8
50.2,19.8
55.3,19.8
58.3,19.8
66.1,19.8
68.8,19.8
79.6,19.8
88.8,19.8
17.8,19.7
20.9,19.7
21.8,19.7
24.3,19.7
26.8,19.7
27.6,19.7
31,19.7
32.9,19.7
36.9,19.7
48.7,19.7
54.4,19.7
58.6,19.7
65.6,19.7
70.1,19.7
76.9,19.7
78.3,19.7
79.9,19.7
82.1,19.7
83.4,19.7
86.5,19.7
87,19.7
89.9,19.7
11.3,19.6
17.4,19.6
25.1,19.6
27.2,19.6
28.8,19.6
34.4,19.6
38.3,19.6
38.7,19.6
45.2,19.6
45.6,19.6
54.8,19.6
67.9,19.6
69.5,19.6
76.2,19.6
81.8,19.6
82.7,19.6
85.2,19.6
86.3,19.6
87.4,19.6
90.1,19.6
17.2,19.5
19.7,19.5
26.1,19.5
33.9,19.5
34.3,19.5
36.9,19.5
38.3,19.5
43.4,19.5
48.2,19.5
62.3,19.5
65,19.5
80.1,19.5
84.4,19.5
84.5,19.5
84.9,19.5
85.6,19.5
86,19.5
88.7,19.5
97.5,19.5
4.5,19.4
11.5,19.4
14.2,19.4
15.5,19.4
20.7,19.4
32.9,19.4
35.6,19.4
36.2,19.4
39.5,19.4
41.5,19.4
42.3,19.4
54.1,19.4
57,19.4
61.7,19.4
63,19.4
81.1,19.4
82.2,19.4
84.3,19.4
84.9,19.4
86.9,19.4
88,19.4
11.1,19.3
12.7,19.3
31.2,19.3
34.1,19.3
42.9,19.3
48.1,19.3
57.1,19.3
58,19.3
63.5,19.3
63.8,19.3
69.8,19.3
73.2,19.3
76,19.3
81,19.3
14.6,19.2
17.3,19.2
20.2,19.2
22,19.2
23.6,19.2
36,19.2
37.8,19.2
40.4,19.2
56.2,19.2
64.8,19.2
70,19.2
79.5,19.2
21.3,19.1
24.3,19.1
38.8,19.1
39.6,19.1
41.4,19.1
47.8,19.1
55.8,19.1
65.8,19.1
72.4,19.1
79.3,19.1
86.6,19.1
11.1,19
24.3,19
29.7,19
33.4,19
40.5,19
63.9,19
67.2,19
78.9,19
81,19
81.1,19
81.6,19
82.4,19
87.4,19
13.3,18.9
16,18.9
21,18.9
34.9,18.9
38,18.9
38.4,18.9
46.7,18.9
48.1,18.9
53,18.9
55.2,18.9
58,18.9
59.9,18.9
63.7,18.9
66.9,18.9
67.2,18.9
76.7,18.9
89.7,18.9
9.5,18.8
13.1,18.8
24.2,18.8
34.3,18.8
35.6,18.8
37.1,18.8
44.8,18.8
45.8,18.8
51.3,18.8
52.1,18.8
57.5,18.8
58.7,18.8
59.3,18.8
65.5,18.8
82,18.8
11,18.7
12.1,18.7
16.7,18.7
21.4,18.7
31.6,18.7
32.3,18.7
36.5,18.7
42.9,18.7
48.1,18.7
61.4,18.7
76.1,18.7
87.1,18.7
10.8,18.6
16.3,18.6
17,18.6
18.1,18.6
22.9,18.6
25.7,18.6
26.2,18.6
30.5,18.6
46.6,18.6
49.2,18.6
50.3,18.6
55,18.6
58.6,18.6
64.4,18.6
66.7,18.6
72.5,18.6
77.3,18.6
80,18.6
83.5,18.6
83.6,18.6
85,18.6
12.9,18.5
13.3,18.5
14.4,18.5
14.7,18.5
29.8,18.5
36.5,18.5
37.3,18.5
39.5,18.5
40.1,18.5
41.7,18.5
44.4,18.5
47.3,18.5
47.9,18.5
51.6,18.5
65.5,18.5
68.3,18.5
72.8,18.5
76.1,18.5
80.9,18.5
83.8,18.5
85.5,18.5
88.7,18.5
10.2,18.4
10.5,18.4
13.1,18.4
15.7,18.4
27.9,18.4
32.8,18.4
32.9,18.4
38.5,18.4
42.4,18.4
49.2,18.4
52,18.4
67.4,18.4
68.9,18.4
71.8,18.4
80,18.4
81,18.4
85.9,18.4
86.3,18.4
86.6,18.4
10.4,18.3
14.8,18.3
15.7,18.3
17.4,18.3
19.2,18.3
20.9,18.3
21.7,18.3
30,18.3
30.9,18.3
35.1,18.3
35.7,18.3
47.5,18.3
59.8,18.3
68.4,18.3
70.7,18.3
85.6,18.3
88.3,18.3
89.8,18.3
13.3,18.2
18,18.2
21.1,18.2
24.1,18.2
29.4,18.2
33.9,18.2
34,18.2
44,18.2
45.2,18.2
59.9,18.2
71.7,18.2
77.3,18.2
83.3,18.2
86.6,18.2
89.9,18.2
11.9,18.1
13.6,18.1
17,18.1
20.5,18.1
21.4,18.1
22.8,18.1
29.2,18.1
34.5,18.1
50.3,18.1
51.3,18.1
53.9,18.1
89,18.1
25.4,18
29,18
35.8,18
49.3,18
54.7,18
54.9,18
56.2,18
57.6,18
71.7,18
74.8,18
81,18
9.4,17.9
22.2,17.9
28.1,17.9
31.5,17.9
43.2,17.9
43.3,17.9
44.8,17.9
47.3,17.9
47.4,17.9
53.2,17.9
59.1,17.9
65.6,17.9
66.3,17.9
72.6,17.9
78.8,17.9
81.6,17.9
82.2,17.9
88.7,17.9
89.6,17.9
1.7,17.8
25.4,17.8
25.7,17.8
29,17.8
32.7,17.8
35.9,17.8
47.1,17.8
52.3,17.8
54.9,17.8
64.9,17.8
66.2,17.8
66.3,17.8
74.7,17.8
80.8,17.8
83.1,17.8
15.6,17.7
16.8,17.7
24.7,17.7
32.6,17.7
39.1,17.7
39.6,17.7
41.2,17.7
41.5,17.7
43.9,17.7
47.6,17.7
48.1,17.7
49.5,17.7
52.6,17.7
55.9,17.7
63.1,17.7
63.7,17.7
66.5,17.7
73.8,17.7
76.1,17.7
80.7,17.7
87.6,17.7
12.2,17.6
18.2,17.6
19,17.6
28.3,17.6
29.4,17.6
34.2,17.6
35.9,17.6
37.6,17.6
38,17.6
44.8,17.6
53.7,17.6
55.3,17.6
59.8,17.6
60.3,17.6
62.7,17.6
63.7,17.6
64.7,17.6
66.5,17.6
85.6,17.6
87.2,17.6
88.4,17.6
89.9,17.6
90.1,17.6
14.8,17.5
19.6,17.5
22.7,17.5
24.9,17.5
26,17.5
40.3,17.5
40.5,17.5
46.5,17.5
48.8,17.5
55.4,17.5
59.2,17.5
63.2,17.5
64.9,17.5
69.1,17.5
72.5,17.5
82.5,17.5
82.6,17.5
83.8,17.5
87.6,17.5
88.3,17.5
26.3,17.4
31.6,17.4
33.9,17.4
43.5,17.4
50,17.4
53.8,17.4
56.1,17.4
57.1,17.4
59,17.4
67.8,17.4
71.6,17.4
77.6,17.4
81.7,17.4
82.9,17.4
18.9,17.3
20,17.3
23,17.3
26.1,17.3
33.8,17.3
46.3,17.3
48.5,17.3
53.5,17.3
61.2,17.3
79.5,17.3
81.5,17.3
82.2,17.3
82.6,17.3
83.6,17.3
14.5,17.2
16.4,17.2
24.5,17.2
29.1,17.2
34.7,17.2
37.8,17.2
40,17.2
48.8,17.2
50.9,17.2
54.4,17.2
54.5,17.2
59.5,17.2
73.5,17.2
80.9,17.2
87.3,17.2
87.5,17.2
88.9,17.2
13.5,17.1
14,17.1
18,17.1
21.3,17.1
30.2,17.1
33.7,17.1
37.9,17.1
38.2,17.1
40.6,17.1
43.5,17.1
44.1,17.1
46.7,17.1
52.7,17.1
56.7,17.1
57.2,17.1
59.8,17.1
61,17.1
63.7,17.1
64.1,17.1
64.9,17.1
79.7,17.1
81.3,17.1
84.5,17.1
10.7,17
12.6,17
14,17
22.5,17
25.8,17
34.3,17
44.6,17
53.5,17
59.8,17
61.4,17
66.3,17
68.1,17
81,17
87.6,17
16.1,16.9
16.4,16.9
16.9,16.9
25,16.9
27,16.9
27.6,16.9
29.9,16.9
34,16.9
35.8,16.9
46.5,16.9
52.2,16.9
74.4,16.9
83.5,16.9
9.2,16.8
10.8,16.8
10.9,16.8
11.8,16.8
21.3,16.8
32.3,16.8
35.7,16.8
38.3,16.8
43.1,16.8
44,16.8
51.5,16.8
53,16.8
55.6,16.8
57.5,16.8
57.8,16.8
76.2,16.8
76.4,16.8
84.6,16.8
85.7,16.8
88.7,16.8
13.5,16.7
14.8,16.7
15.7,16.7
18.8,16.7
26.3,16.7
30,16.7
30.6,16.7
32.6,16.7
47.4,16.7
50.9,16.7
55.6,16.7
59.5,16.7
65.3,16.7
68.7,16.7
68.8,16.7
70.8,16.7
71.9,16.7
75,16.7
79.3,16.7
83.6,16.7
83.9,16.7
89.5,16.7
90.1,16.7
10.5,16.6
17.5,16.6
17.6,16.6
22.7,16.6
24.6,16.6
25.4,16.6
26.7,16.6
37.6,16.6
38.4,16.6
47.1,16.6
47.7,16.6
51.8,16.6
56.6,16.6
63.7,16.6
67.3,16.6
70.1,16.6
83.6,16.6
12.9,16.5
21.6,16.5
22.6,16.5
41.2,16.5
43.7,16.5
44.2,16.5
47.2,16.5
51.5,16.5
53.3,16.5
54.5,16.5
59.2,16.5
65,16.5
81.2,16.5
87.2,16.5
11.9,16.4
27.9,16.4
31.7,16.4
40.8,16.4
48.6,16.4
49.3,16.4
56.8,16.4
61.5,16.4
63.6,16.4
68.8,16.4
75.2,16.4
79.8,16.4
85.9,16.4
9.8,16.3
10.8,16.3
12.9,16.3
16.7,16.3
18.6,16.3
21.1,16.3
22.4,16.3
29,16.3
31.8,16.3
36.9,16.3
41,16.3
45.4,16.3
45.6,16.3
52.4,16.3
59.1,16.3
61.7,16.3
63.4,16.3
68.1,16.3
75.3,16.3
75.8,16.3
85.4,16.3
88.4,16.3
88.8,16.3
10.5,16.2
15.9,16.2
19.3,16.2
20,16.2
25.7,16.2
29.8,16.2
30.1,16.2
40.9,16.2
47,16.2
48.6,16.2
50,16.2
51.4,16.2
52.8,16.2
54.1,16.2
56.6,16.2
58.6,16.2
63.3,16.2
72.4,16.2
72.9,16.2
78.8,16.2
79.4,16.2
84.5,16.2
9,16.1
11.9,16.1
13.1,16.1
13.8,16.1
18.2,16.1
18.3,16.1
30.4,16.1
33.8,16.1
35.7,16.1
44.6,16.1
50.8,16.1
53.6,16.1
57.5,16.1
71,16.1
79.4,16.1
82.1,16.1
9.6,16
10.3,16
10.7,16
15,16
17.7,16
20.6,16
29.1,16
31.9,16
32.2,16
41.5,16
44.6,16
48.4,16
58.7,16
59,16
63.9,16
66.4,16
69,16
80.5,16
90,16
18.3,15.9
20.3,15.9
28,15.9
31.4,15.9
41.2,15.9
43.7,15.9
47.7,15.9
54.9,15.9
59.4,15.9
65,15.9
67.6,15.9
75.9,15.9
79,15.9
85.9,15.9
86.9,15.9
90.9,15.9
91.2,15.9
10.2,15.8
16.2,15.8
23.4,15.8
30.4,15.8
33.7,15.8
40.7,15.8
43.1,15.8
46.4,15.8
53.2,15.8
53.9,15.8
55.5,15.8
56.3,15.8
61.2,15.8
61.5,15.8
63.8,15.8
67.6,15.8
76.7,15.8
79.8,15.8
81.1,15.8
86.8,15.8
89.3,15.8
9.1,15.7
12.7,15.7
14.5,15.7
18.8,15.7
23.1,15.7
26.9,15.7
30.5,15.7
32,15.7
40.4,15.7
42.1,15.7
45.2,15.7
45.8,15.7
48.1,15.7
53.5,15.7
79.6,15.7
80.1,15.7
80.8,15.7
83.2,15.7
88.6,15.7
91.1,15.7
14.1,15.6
14.7,15.6
15,15.6
19.9,15.6
31.3,15.6
31.9,15.6
34.2,15.6
34.4,15.6
43.2,15.6
45.7,15.6
50.1,15.6
52.6,15.6
54.6,15.6
55.1,15.6
60.8,15.6
76.7,15.6
77.6,15.6
77.7,15.6
83,15.6
86.3,15.6
90.5,15.6
15.1,15.5
15.3,15.5
21.1,15.5
25.1,15.5
33.2,15.5
39.9,15.5
43,15.5
50.5,15.5
56.1,15.5
62.2,15.5
64.4,15.5
75.9,15.5
81.8,15.5
84.7,15.5
85.4,15.5
89.7,15.5
9.7,15.4
12.9,15.4
17.5,15.4
20.3,15.4
20.9,15.4
27.7,15.4
34.1,15.4
39.3,15.4
48.9,15.4
49.8,15.4
52.6,15.4
54.5,15.4
57.5,15.4
59.8,15.4
64,15.4
64.9,15.4
71.4,15.4
73.2,15.4
90.1,15.4
11.2,15.3
11.5,15.3
12.3,15.3
17.7,15.3
19.9,15.3
21.9,15.3
23,15.3
28.8,15.3
29.2,15.3
36.7,15.3
37.5,15.3
45.3,15.3
51.7,15.3
53.9,15.3
55.3,15.3
59.7,15.3
62.4,15.3
66,15.3
75,15.3
77.4,15.3
82.9,15.3
85.3,15.3
91.6,15.3
13.4,15.2
19.2,15.2
19.6,15.2
31.4,15.2
38.7,15.2
39.6,15.2
45.7,15.2
48.3,15.2
58.9,15.2
61.1,15.2
78.1,15.2
13.5,15.1
14,15.1
18,15.1
19.1,15.1
20.2,15.1
31.5,15.1
46.4,15.1
53.4,15.1
58.8,15.1
68,15.1
69,15.1
71.4,15.1
77,15.1
80,15.1
80.6,15.1
85.3,15.1
88.9,15.1
12.6,15
17.8,15
24.3,15
29,15
32.2,15
43.2,15
47.1,15
49.2,15
52.2,15
56.5,15
65.1,15
77.5,15
78.8,15
80.3,15
87.1,15
87.3,15
87.8,15
12.9,14.9
14.3,14.9
17.2,14.9
22.4,14.9
28.6,14.9
48.2,14.9
52.4,14.9
54.6,14.9
55.6,14.9
61.3,14.9
62.8,14.9
67.1,14.9
68.7,14.9
69.8,14.9
71.2,14.9
71.9,14.9
78,14.9
83.7,14.9
88.7,14.9
90.8,14.9
91.5,14.9
10.1,14.8
12.1,14.8
18.9,14.8
24,14.8
25.6,14.8
27.3,14.8
28.4,14.8
29.8,14.8
38.9,14.8
41.6,14.8
46.5,14.8
58.5,14.8
64.2,14.8
68.7,14.8
71.3,14.8
78.6,14.8
84.2,14.8
85.2,14.8
85.3,14.8
88.3,14.8
10.6,14.7
13.2,14.7
13.4,14.7
16.7,14.7
18.7,14.7
24.2,14.7
28.9,14.7
32.6,14.7
33.7,14.7
36.1,14.7
37.5,14.7
41.3,14.7
41.8,14.7
45.5,14.7
46.1,14.7
54.2,14.7
57.1,14.7
61.4,14.7
62.4,14.7
64.4,14.7
64.8,14.7
65.7,14.7
69.5,14.7
73.3,14.7
78.2,14.7
83.6,14.7
89.8,14.7
12.3,14.6
17.7,14.6
18.5,14.6
19.3,14.6
23.2,14.6
38.1,14.6
42.3,14.6
43.3,14.6
44.2,14.6
44.3,14.6
49.5,14.6
49.9,14.6
56,14.6
56.5,14.6
60.5,14.6
66.2,14.6
68.3,14.6
76.4,14.6
77.7,14.6
78.1,14.6
81.7,14.6
82.5,14.6
84.9,14.6
89.6,14.6
90.6,14.6
12.2,14.5
14.7,14.5
19.6,14.5
30,14.5
33.7,14.5
35.4,14.5
35.7,14.5
39.6,14.5
41.2,14.5
57.6,14.5
57.9,14.5
60.3,14.5
60.5,14.5
61.9,14.5
71.8,14.5
72.8,14.5
77.4,14.5
81.1,14.5
87.8,14.5
12.8,14.4
15.8,14.4
20.2,14.4
20.7,14.4
26.9,14.4
40,14.4
41.7,14.4
42,14.4
43.9,14.4
56,14.4
63.9,14.4
65.4,14.4
73.6,14.4
80.6,14.4
83.1,14.4
83.3,14.4
89.6,14.4
89.9,14.4
91,14.4
10.9,14.3
19.3,14.3
25.8,14.3
34.7,14.3
51.1,14.3
52.1,14.3
53,14.3
55.5,14.3
56.7,14.3
58,14.3
58.6,14.3
67.6,14.3
69.9,14.3
89.1,14.3
91,14.3
17.8,14.2
30.5,14.2
32.7,14.2
40.4,14.2
56.3,14.2
70.9,14.2
85.2,14.2
25.1,14.1
28.2,14.1
35.4,14.1
45.8,14.1
46.1,14.1
47.6,14.1
48,14.1
56.7,14.1
61.7,14.1
64.2,14.1
64.8,14.1
72,14.1
80.9,14.1
87.4,14.1
88.7,14.1
90.1,14.1
11.5,14
17.6,14
17.8,14
20.3,14
23.9,14
25.7,14
25.9,14
26.5,14
30.6,14
31.3,14
34.9,14
35.9,14
40.2,14
42.8,14
49.6,14
54.7,14
55.4,14
66.8,14
8.8,13.9
11,13.9
14.6,13.9
15.3,13.9
21.7,13.9
24.1,13.9
26,13.9
29.3,13.9
29.8,13.9
32.1,13.9
32.7,13.9
34.8,13.9
37.1,13.9
38.8,13.9
39.6,13.9
39.9,13.9
45.2,13.9
45.7,13.9
58.6,13.9
59.2,13.9
61,13.9
64.7,13.9
66.7,13.9
67.9,13.9
69.3,13.9
71.5,13.9
72.3,13.9
75.1,13.9
80.5,13.9
82.5,13.9
82.9,13.9
84.2,13.9
84.4,13.9
86.6,13.9
86.8,13.9
87.9,13.9
88.4,13.9
9.6,13.8
10.1,13.8
14.6,13.8
23.3,13.8
30.9,13.8
44.2,13.8
49.2,13.8
49.5,13.8
57.4,13.8
62.4,13.8
72.9,13.8
74.3,13.8
78,13.8
81.3,13.8
81.9,13.8
11.9,13.7
12.1,13.7
16.9,13.7
19.4,13.7
24.8,13.7
26.5,13.7
30.7,13.7
33.4,13.7
34.6,13.7
40.1,13.7
40.7,13.7
42.9,13.7
44.6,13.7
46.7,13.7
48.9,13.7
50.2,13.7
58.8,13.7
59.6,13.7
59.9,13.7
63.1,13.7
64.5,13.7
73.5,13.7
74.2,13.7
75,13.7
76.5,13.7
81.2,13.7
83.6,13.7
83.9,13.7
18,13.6
24.3,13.6
26,13.6
26.5,13.6
27.2,13.6
30.9,13.6
36.8,13.6
38.8,13.6
40.7,13.6
43.3,13.6
51.5,13.6
58,13.6
78.4,13.6
79.1,13.6
85.1,13.6
87.9,13.6
10.5,13.5
10.7,13.5
11,13.5
16.7,13.5
31.7,13.5
35.7,13.5
38.4,13.5
40.9,13.5
43.4,13.5
44.6,13.5
49.7,13.5
61.2,13.5
62.9,13.5
69.1,13.5
90.1,13.5
11.7,13.4
12.6,13.4
15.3,13.4
19.5,13.4
25.8,13.4
27.7,13.4
28.4,13.4
29.1,13.4
29.4,13.4
40,13.4
49.9,13.4
53.4,13.4
55.9,13.4
66.3,13.4
67.6,13.4
82.9,13.4
83.5,13.4
90,13.4
10.5,13.3
26.7,13.3
27.4,13.3
31.2,13.3
33.9,13.3
38.6,13.3
42.8,13.3
43.3,13.3
45.5,13.3
50.2,13.3
59.3,13.3
63,13.3
66.2,13.3
68.2,13.3
68.5,13.3
73.2,13.3
78.1,13.3
85.4,13.3
91.5,13.3
10,13.2
13.3,13.2
19.5,13.2
30.1,13.2
44.5,13.2
61.8,13.2
65.6,13.2
69.6,13.2
71.5,13.2
75.5,13.2
84.1,13.2
85.5,13.2
14,13.1
14.2,13.1
20.6,13.1
22.7,13.1
22.9,13.1
28,13.1
29.9,13.1
39,13.1
40.5,13.1
65.3,13.1
70.7,13.1
71.6,13.1
76.4,13.1
77.2,13.1
78,13.1
80.4,13.1
88.3,13.1
88.4,13.1
8.6,13
9.8,13
12.4,13
17.8,13
23,13
40.1,13
43,13
44.4,13
51.1,13
62,13
64.3,13
68.1,13
71.2,13
79.6,13
82.1,13
85.6,13
10.9,12.9
11.5,12.9
11.6,12.9
13.7,12.9
14.4,12.9
18.7,12.9
19.9,12.9
23.5,12.9
30.4,12.9
38.3,12.9
44.4,12.9
45.4,12.9
50.9,12.9
54.7,12.9
55.3,12.9
57.6,12.9
64.1,12.9
73.8,12.9
83.1,12.9
18.5,12.8
20.2,12.8
22.1,12.8
22.6,12.8
26.7,12.8
37,12.8
38.5,12.8
42.4,12.8
44.9,12.8
45.2,12.8
47.3,12.8
54.3,12.8
54.9,12.8
55.1,12.8
62.3,12.8
64.6,12.8
64.8,12.8
68,12.8
70.2,12.8
72.3,12.8
74.2,12.8
75.5,12.8
75.7,12.8
75.9,12.8
81.8,12.8
87.7,12.8
89,12.8
8.1,12.7
11.1,12.7
17.9,12.7
32,12.7
32.5,12.7
35.5,12.7
38.3,12.7
42.4,12.7
46.5,12.7
48.5,12.7
49.7,12.7
62.3,12.7
62.6,12.7
76,12.7
77,12.7
83.5,12.7
86.5,12.7
89.2,12.7
9.7,12.6
12.3,12.6
13.2,12.6
20.1,12.6
26.7,12.6
27.3,12.6
38.8,12.6
40.6,12.6
43.8,12.6
46.2,12.6
55.1,12.6
55.2,12.6
59.9,12.6
64.2,12.6
66.1,12.6
73.5,12.6
79.6,12.6
9.5,12.5
16.9,12.5
20.7,12.5
21,12.5
21.1,12.5
22.7,12.5
22.9,12.5
28.7,12.5
29.5,12.5
34.3,12.5
40.8,12.5
44,12.5
44.1,12.5
44.8,12.5
45.9,12.5
48.9,12.5
49.2,12.5
53,12.5
56.7,12.5
63.5,12.5
65.4,12.5
71.4,12.5
80.9,12.5
85.5,12.5
87.2,12.5
89.3,12.5
8.9,12.4
14.3,12.4
15.6,12.4
22.4,12.4
26.6,12.4
28.8,12.4
47.9,12.4
50,12.4
52.8,12.4
53.3,12.4
55.5,12.4
64.1,12.4
64.2,12.4
66.9,12.4
71.2,12.4
71.8,12.4
71.9,12.4
74.7,12.4
81.7,12.4
82.3,12.4
85.5,12.4
86.3,12.4
5.7,12.3
7.7,12.3
9.3,12.3
11.1,12.3
13.8,12.3
22,12.3
23.3,12.3
30.5,12.3
38,12.3
38.5,12.3
39.4,12.3
40.5,12.3
55.1,12.3
56.8,12.3
57.5,12.3
64.7,12.3
73.3,12.3
75.8,12.3
79.7,12.3
84.5,12.3
87.4,12.3
90.6,12.3
9.3,12.2
17.6,12.2
38.8,12.2
44.1,12.2
48.2,12.2
55.5,12.2
62.3,12.2
63.1,12.2
65,12.2
65.3,12.2
66,12.2
66.9,12.2
69.4,12.2
69.5,12.2
70.3,12.2
81.1,12.2
9.3,12.1
13.3,12.1
14.2,12.1
17.7,12.1
29.9,12.1
43.9,12.1
46.1,12.1
51.5,12.1
52.6,12.1
52.9,12.1
57.7,12.1
58.7,12.1
58.9,12.1
59.1,12.1
63.1,12.1
68.3,12.1
69.4,12.1
71.9,12.1
74.7,12.1
75.2,12.1
81.5,12.1
83.4,12.1
85,12.1
85.4,12.1
91.4,12.1
9.4,12
16.5,12
17.2,12
24.9,12
33.9,12
35.9,12
37.7,12
52.8,12
68.3,12
72.8,12
83.6,12
88.3,12
12.8,11.9
16.1,11.9
16.6,11.9
20.7,11.9
23.7,11.9
25.7,11.9
26.5,11.9
39.6,11.9
40.7,11.9
41.2,11.9
50.9,11.9
55,11.9
56,11.9
57.7,11.9
64.1,11.9
64.7,11.9
68.6,11.9
75.4,11.9
76.5,11.9
79.2,11.9
84,11.9
84.8,11.9
88.6,11.9
19.2,11.8
21.1,11.8
32.7,11.8
38.5,11.8
47.7,11.8
57.3,11.8
60.8,11.8
70.4,11.8
79.2,11.8
79.5,11.8
82.6,11.8
87.4,11.8
5,11.7
14.9,11.7
16.5,11.7
19.5,11.7
20,11.7
24,11.7
25.5,11.7
34.9,11.7
38.7,11.7
39.9,11.7
41.1,11.7
42.3,11.7
42.9,11.7
45.7,11.7
48,11.7
50.1,11.7
52.3,11.7
57.8,11.7
62.1,11.7
63.8,11.7
66.1,11.7
66.6,11.7
69.3,11.7
74.7,11.7
77,11.7
78.8,11.7
82.8,11.7
86.5,11.7
7.6,11.6
12.1,11.6
15.4,11.6
22.4,11.6
23.5,11.6
23.9,11.6
27.5,11.6
31.8,11.6
42,11.6
43.9,11.6
48.5,11.6
54,11.6
62.2,11.6
72.7,11.6
75.5,11.6
82.2,11.6
87,11.6
87.8,11.6
90.7,11.6
91.5,11.6
10.8,11.5
12,11.5
12.3,11.5
14.8,11.5
15.4,11.5
16.6,11.5
20.1,11.5
20.7,11.5
26.2,11.5
34.2,11.5
35.6,11.5
35.9,11.5
37.8,11.5
43.8,11.5
53.8,11.5
56.8,11.5
61,11.5
62.3,11.5
62.7,11.5
63.8,11.5
67.6,11.5
75.1,11.5
87.3,11.5
88.9,11.5
89.7,11.5
90,11.5
16.2,11.4
22.1,11.4
25,11.4
26.1,11.4
27.8,11.4
29.8,11.4
30.4,11.4
36.1,11.4
37,11.4
38.1,11.4
38.6,11.4
39,11.4
45.8,11.4
47.6,11.4
50.8,11.4
62,11.4
68.4,11.4
69,11.4
70.9,11.4
77.4,11.4
78.1,11.4
83.4,11.4
85.6,11.4
86.5,11.4
88.2,11.4
99.2,11.4
11.8,11.3
14,11.3
15.4,11.3
15.9,11.3
24.7,11.3
31.4,11.3
34.3,11.3
35.1,11.3
40.3,11.3
44.7,11.3
47.7,11.3
50.1,11.3
52.4,11.3
54.5,11.3
57.3,11.3
57.4,11.3
59.6,11.3
59.7,11.3
64.1,11.3
71.6,11.3
74.7,11.3
75.6,11.3
82.6,11.3
83.2,11.3
88,11.3
7.9,11.2
11.4,11.2
19.6,11.2
30.7,11.2
31.8,11.2
33.6,11.2
42.6,11.2
43.7,11.2
47.9,11.2
49.2,11.2
56.9,11.2
65.5,11.2
70.2,11.2
70.5,11.2
73.4,11.2
77.1,11.2
78.1,11.2
86.4,11.2
88.9,11.2
8.9,11.1
11.4,11.1
14.4,11.1
33.8,11.1
41.5,11.1
42.5,11.1
50.5,11.1
52.1,11.1
52.7,11.1
55.6,11.1
57.2,11.1
64.7,11.1
69.7,11.1
78.5,11.1
79.5,11.1
80,11.1
89.8,11.1
8.6,11
8.7,11
12.5,11
14.4,11
23.1,11
26.6,11
33.9,11
34.8,11
36.2,11
43,11
45.2,11
46.8,11
59.7,11
63.6,11
69.4,11
74.6,11
87.5,11
89.2,11
11.4,10.9
13.9,10.9
16.1,10.9
23.1,10.9
25.4,10.9
32.6,10.9
43.1,10.9
46.8,10.9
52.8,10.9
59.5,10.9
64.2,10.9
69.6,10.9
72.4,10.9
82.2,10.9
85.5,10.9
86.2,10.9
87.2,10.9
88.1,10.9
92.8,10.9
10.7,10.8
19.5,10.8
21.7,10.8
29.4,10.8
31.9,10.8
33.9,10.8
51.8,10.8
52,10.8
75.8,10.8
79.5,10.8
88.3,10.8
89,10.8
92.2,10.8
7.5,10.7
8.4,10.7
10.2,10.7
13.5,10.7
18.3,10.7
24.3,10.7
24.5,10.7
25.4,10.7
35.1,10.7
36.9,10.7
43.9,10.7
49.8,10.7
50.1,10.7
55.1,10.7
58,10.7
65.4,10.7
74.2,10.7
78.8,10.7
80.5,10.7
81.4,10.7
83.4,10.7
85.4,10.7
91.5,10.7
92.4,10.7
10.4,10.6
11.7,10.6
17,10.6
21.8,10.6
24.4,10.6
25,10.6
27.5,10.6
30.2,10.6
42.4,10.6
43.4,10.6
45.1,10.6
56.9,10.6
60.1,10.6
68.6,10.6
75,10.6
80.1,10.6
83.2,10.6
91.9,10.6
11.4,10.5
13.9,10.5
15.8,10.5
20.4,10.5
29.5,10.5
32.5,10.5
38.8,10.5
38.9,10.5
43.9,10.5
45.5,10.5
45.6,10.5
55.4,10.5
57.5,10.5
60.4,10.5
65,10.5
65.6,10.5
66.1,10.5
68.1,10.5
78.3,10.5
85.8,10.5
91,10.5
8.3,10.4
9.7,10.4
12.3,10.4
13,10.4
14.4,10.4
14.8,10.4
23.5,10.4
24.5,10.4
33.7,10.4
34.6,10.4
42.8,10.4
58.1,10.4
67,10.4
67.9,10.4
78.7,10.4
84.5,10.4
90,10.4
9.8,10.3
12.9,10.3
13.5,10.3
15.5,10.3
16.9,10.3
20.4,10.3
23.3,10.3
31.8,10.3
34.6,10.3
39.2,10.3
45.8,10.3
53.5,10.3
71.8,10.3
74.1,10.3
77.3,10.3
79.4,10.3
87.9,10.3
8.1,10.2
15,10.2
21.2,10.2
25,10.2
37.5,10.2
39,10.2
39.1,10.2
39.6,10.2
43,10.2
54.6,10.2
64,10.2
65.5,10.2
70.1,10.2
75.9,10.2
85.5,10.2
89.3,10.2
99.9,10.2
26.8,10.1
27.7,10.1
32.9,10.1
38.4,10.1
65.8,10.1
71.5,10.1
83.4,10.1
89.1,10.1
7.5,10
9.2,10
10,10
23.9,10
29.8,10
30.7,10
34.5,10
37.4,10
38.8,10
39.2,10
46.8,10
49.7,10
51.8,10
55.1,10
57.1,10
57.2,10
63.1,10
69.6,10
73.9,10
77.4,10
10,9.9
10.3,9.9
20.1,9.9
35.3,9.9
35.8,9.9
37.8,9.9
38.8,9.9
58.8,9.9
65.5,9.9
66.6,9.9
82.2,9.9
83.7,9.9
86.2,9.9
9.3,9.8
16.3,9.8
18.6,9.8
21,9.8
22.4,9.8
35.1,9.8
36.5,9.8
41.2,9.8
42.4,9.8
43.9,9.8
45.1,9.8
54.5,9.8
56.5,9.8
59.7,9.8
60.4,9.8
60.5,9.8
67.6,9.8
72.4,9.8
79.7,9.8
84.4,9.8
88.8,9.8
13.8,9.7
13.9,9.7
25.1,9.7
31.1,9.7
37.7,9.7
38.6,9.7
39.2,9.7
40.9,9.7
42.4,9.7
44.2,9.7
50.6,9.7
54.3,9.7
54.4,9.7
67.1,9.7
76.7,9.7
77.2,9.7
80.5,9.7
80.9,9.7
87.7,9.7
13.3,9.6
16.1,9.6
17.5,9.6
20.2,9.6
24.8,9.6
26.8,9.6
28.9,9.6
30.1,9.6
31,9.6
33.1,9.6
36.3,9.6
42.6,9.6
43.2,9.6
48.1,9.6
48.5,9.6
49,9.6
53.5,9.6
55.3,9.6
61,9.6
66.9,9.6
74.7,9.6
78.2,9.6
82.2,9.6
84.8,9.6
91.4,9.6
10.9,9.5
22,9.5
22.4,9.5
25.3,9.5
25.6,9.5
28.5,9.5
34.4,9.5
48,9.5
49.8,9.5
50.9,9.5
52.4,9.5
53.3,9.5
55.7,9.5
57.5,9.5
60.3,9.5
62.4,9.5
67.4,9.5
72.9,9.5
73.3,9.5
85.5,9.5
90,9.5
90.2,9.5
8.1,9.4
11.5,9.4
15.6,9.4
20.2,9.4
21.1,9.4
33,9.4
35.8,9.4
37.5,9.4
39.1,9.4
50.4,9.4
55.8,9.4
57.3,9.4
66.3,9.4
78.8,9.4
86.8,9.4
9,9.3
9.8,9.3
14.1,9.3
14.2,9.3
15.2,9.3
21.1,9.3
21.3,9.3
30.1,9.3
30.4,9.3
38.1,9.3
38.8,9.3
42.3,9.3
44.4,9.3
47,9.3
53.6,9.3
58.5,9.3
70,9.3
84.8,9.3
87.9,9.3
88.4,9.3
91.1,9.3
91.2,9.3
1.4,9.2
11.3,9.2
13.3,9.2
22.7,9.2
23.5,9.2
23.9,9.2
25.5,9.2
30.3,9.2
32.3,9.2
37.2,9.2
38.7,9.2
42.1,9.2
46.2,9.2
47,9.2
47.3,9.2
48.8,9.2
53,9.2
54.1,9.2
54.8,9.2
56.6,9.2
66.5,9.2
69.1,9.2
77.6,9.2
78.2,9.2
79.1,9.2
84.1,9.2
84.3,9.2
88.4,9.2
88.6,9.2
8.4,9.1
12.3,9.1
20,9.1
26.3,9.1
27.6,9.1
32.9,9.1
41.5,9.1
42.4,9.1
47.6,9.1
51.4,9.1
53.1,9.1
58.4,9.1
69.4,9.1
90.7,9.1
10.1,9
19.1,9
20.9,9
21.2,9
26.1,9
27.9,9
43.9,9
52.1,9
52.3,9
56.8,9
60,9
63,9
66.6,9
69.1,9
77.9,9
85.2,9
88.4,9
91.8,9
92.4,9
8.4,8.9
9.7,8.9
10.6,8.9
26.7,8.9
35.5,8.9
41.5,8.9
42.6,8.9
56.5,8.9
57.3,8.9
59.8,8.9
75.5,8.9
78.5,8.9
83.2,8.9
83.3,8.9
84.1,8.9
84.6,8.9
86.5,8.9
87.5,8.9
87.9,8.9
88.9,8.9
90.7,8.9
7.9,8.8
8.4,8.8
11.2,8.8
28,8.8
30.5,8.8
36.7,8.8
39.7,8.8
46.6,8.8
48.2,8.8
57.5,8.8
59.2,8.8
60.8,8.8
62.3,8.8
62.6,8.8
64,8.8
68,8.8
73.3,8.8
76.2,8.8
80.7,8.8
80.8,8.8
82,8.8
89.9,8.8
90.3,8.8
13,8.7
18.3,8.7
25.5,8.7
27.9,8.7
28.5,8.7
29.8,8.7
30.1,8.7
33.1,8.7
33.8,8.7
57.5,8.7
59.9,8.7
63.2,8.7
65.2,8.7
71.4,8.7
74.2,8.7
76.1,8.7
9.4,8.6
12.2,8.6
13.3,8.6
14.3,8.6
20,8.6
23.8,8.6
31.9,8.6
34.9,8.6
35,8.6
36,8.6
37.1,8.6
39.2,8.6
41.3,8.6
45.3,8.6
51.3,8.6
51.5,8.6
53.4,8.6
53.8,8.6
60.6,8.6
67,8.6
67.4,8.6
74.4,8.6
89.6,8.6
92.8,8.6
8.7,8.5
13.1,8.5
14.3,8.5
30.4,8.5
31.6,8.5
35.2,8.5
37,8.5
37.1,8.5
38.7,8.5
51.1,8.5
57.3,8.5
60.8,8.5
64.5,8.5
65.9,8.5
88.3,8.5
91.7,8.5
9.4,8.4
14.6,8.4
18.4,8.4
21,8.4
24.7,8.4
25.2,8.4
27.6,8.4
37.1,8.4
37.7,8.4
42,8.4
42.5,8.4
47.3,8.4
50.6,8.4
51.6,8.4
59.1,8.4
61.4,8.4
82.3,8.4
86,8.4
87.1,8.4
90.1,8.4
91.5,8.4
0.6,8.3
15.2,8.3
19.8,8.3
29.8,8.3
33.6,8.3
35.9,8.3
38.5,8.3
39,8.3
46.6,8.3
48.1,8.3
52.6,8.3
56.1,8.3
58.2,8.3
59.4,8.3
63.2,8.3
72.7,8.3
79.2,8.3
85.3,8.3
91.9,8.3
7.2,8.2
8.1,8.2
9.9,8.2
11.7,8.2
15.8,8.2
16.8,8.2
20.4,8.2
27.1,8.2
27.5,8.2
33.5,8.2
33.7,8.2
34.9,8.2
35.5,8.2
36.8,8.2
39,8.2
43.5,8.2
43.9,8.2
45.7,8.2
51.4,8.2
53.3,8.2
58.1,8.2
58.8,8.2
64.7,8.2
65.9,8.2
66.7,8.2
67.3,8.2
72.5,8.2
73.5,8.2
88.4,8.2
93,8.2
9.1,8.1
9.8,8.1
12.7,8.1
14.4,8.1
32.3,8.1
34.9,8.1
39.6,8.1
41.4,8.1
45.1,8.1
48.4,8.1
50.2,8.1
60.4,8.1
61.3,8.1
63.3,8.1
69.1,8.1
70.2,8.1
78.2,8.1
79.7,8.1
83.5,8.1
91.7,8.1
14.6,8
16.5,8
23.7,8
46.1,8
50.4,8
52.1,8
56.6,8
59.8,8
60.2,8
83.2,8
86.3,8
88.4,8
15.2,7.9
16.3,7.9
21.4,7.9
28.5,7.9
28.9,7.9
29.6,7.9
33.8,7.9
40.2,7.9
43.7,7.9
50.5,7.9
53.8,7.9
59,7.9
60.7,7.9
66.1,7.9
68,7.9
71.2,7.9
73.2,7.9
84.4,7.9
84.8,7.9
90.8,7.9
97.7,7.9
22.4,7.8
25.4,7.8
26.9,7.8
31.1,7.8
32.8,7.8
34.4,7.8
37.1,7.8
39.3,7.8
39.7,7.8
48,7.8
50.4,7.8
52.8,7.8
53.1,7.8
55.3,7.8
56.7,7.8
65.8,7.8
67.7,7.8
75.9,7.8
77.5,7.8
77.6,7.8
80.5,7.8
84.1,7.8
88,7.8
92.7,7.8
94.4,7.8
12.5,7.7
17.2,7.7
20.8,7.7
35.8,7.7
45,7.7
50.7,7.7
51.9,7.7
56.6,7.7
63,7.7
65.9,7.7
66,7.7
86.8,7.7
89.7,7.7
90.4,7.7
91.7,7.7
7.7,7.6
11,7.6
12.2,7.6
12.8,7.6
23.2,7.6
29.9,7.6
35.9,7.6
40.3,7.6
42.9,7.6
44.4,7.6
44.7,7.6
48.5,7.6
53.6,7.6
55.6,7.6
56.8,7.6
60.9,7.6
65.3,7.6
73.2,7.6
86.2,7.6
9.2,7.5
21.6,7.5
23.4,7.5
25.6,7.5
41.7,7.5
55.9,7.5
57.5,7.5
59.2,7.5
60.6,7.5
65.1,7.5
68.1,7.5
69.1,7.5
70.3,7.5
72.6,7.5
78.8,7.5
90.8,7.5
91.7,7.5
93.3,7.5
97,7.5
18.4,7.4
25.5,7.4
28.9,7.4
35.3,7.4
36.3,7.4
48.9,7.4
50.1,7.4
52.2,7.4
54,7.4
54.4,7.4
63.4,7.4
63.9,7.4
68.2,7.4
76.6,7.4
79.8,7.4
81.7,7.4
8.2,7.3
11.9,7.3
13.2,7.3
25.5,7.3
30.6,7.3
34,7.3
39.3,7.3
41.1,7.3
42.3,7.3
43,7.3
50.9,7.3
53.6,7.3
54.2,7.3
69.3,7.3
75.2,7.3
79.1,7.3
80.4,7.3
81.8,7.3
85.3,7.3
86.8,7.3
92.3,7.3
7.7,7.2
11.6,7.2
20,7.2
22,7.2
26.8,7.2
31.5,7.2
35.4,7.2
43,7.2
46.6,7.2
52,7.2
58.5,7.2
66,7.2
67,7.2
71,7.2
75.2,7.2
76,7.2
87.9,7.2
90.7,7.2
15.9,7.1
20,7.1
45.6,7.1
50.2,7.1
58.9,7.1
63.7,7.1
67.9,7.1
77,7.1
81,7.1
88.5,7.1
92,7.1
27.4,7
29.7,7
39,7
50.3,7
54.8,7
61.6,7
64.7,7
66.8,7
67.3,7
70.4,7
72.4,7
8.1,6.9
10.7,6.9
11.3,6.9
17.1,6.9
29.3,6.9
30.9,6.9
34.1,6.9
35.3,6.9
44.8,6.9
56,6.9
58.8,6.9
61.9,6.9
63.3,6.9
68,6.9
76.3,6.9
77.7,6.9
90.7,6.9
91.2,6.9
91.9,6.9
92.7,6.9
92.8,6.9
7,6.8
8.7,6.8
12.9,6.8
19.1,6.8
26.8,6.8
30.7,6.8
31,6.8
35.6,6.8
40.1,6.8
42.9,6.8
43.3,6.8
48,6.8
55.4,6.8
62.5,6.8
63.4,6.8
67.9,6.8
72,6.8
84,6.8
86.1,6.8
19.9,6.7
26.1,6.7
29,6.7
40,6.7
41,6.7
47.9,6.7
68,6.7
73.1,6.7
76.7,6.7
80.9,6.7
83.7,6.7
88.6,6.7
91.4,6.7
6.8,6.6
13.1,6.6
16.4,6.6
25.4,6.6
38.6,6.6
43.8,6.6
45.2,6.6
46.3,6.6
46.9,6.6
52.8,6.6
55.8,6.6
60.1,6.6
67.7,6.6
72.5,6.6
73.9,6.6
74.3,6.6
81.4,6.6
87.1,6.6
89.2,6.6
29.5,6.5
39.6,6.5
39.8,6.5
46.5,6.5
49,6.5
59.3,6.5
59.9,6.5
65.2,6.5
77.8,6.5
82.5,6.5
84.4,6.5
85.2,6.5
91.4,6.5
7.5,6.4
26.3,6.4
30.1,6.4
39.5,6.4
41.2,6.4
42.2,6.4
44.3,6.4
55.9,6.4
66.2,6.4
69.2,6.4
69.4,6.4
70.2,6.4
74.6,6.4
76.4,6.4
79.7,6.4
81.6,6.4
84.2,6.4
89.6,6.4
90.2,6.4
90.6,6.4
15.1,6.3
15.8,6.3
19.5,6.3
21,6.3
26.2,6.3
42.3,6.3
50.6,6.3
51.9,6.3
53.5,6.3
54,6.3
62,6.3
65.4,6.3
66.6,6.3
67.6,6.3
72.3,6.3
73.3,6.3
78.3,6.3
89.9,6.3
21,6.2
25.7,6.2
33,6.2
33.1,6.2
39.7,6.2
40.9,6.2
41.1,6.2
55.1,6.2
56.8,6.2
60.9,6.2
67.2,6.2
88.6,6.2
9.4,6.1
22.9,6.1
23.1,6.1
26,6.1
30.6,6.1
33.9,6.1
39.1,6.1
53.8,6.1
55.3,6.1
70.8,6.1
71.8,6.1
81.2,6.1
10.1,6
13.4,6
15.1,6
22.3,6
30.5,6
38.5,6
42.1,6
52.2,6
58.9,6
66.4,6
66.9,6
71.8,6
72,6
72.7,6
74.9,6
76.8,6
82.6,6
84.7,6
90.3,6
53.4,5.9
56.7,5.9
56.8,5.9
57.5,5.9
62.9,5.9
65.3,5.9
72.1,5.9
74.2,5.9
75.3,5.9
81.3,5.9
82.9,5.9
87.6,5.9
88.7,5.9
91.5,5.9
17.5,5.8
20.9,5.8
24.8,5.8
26.6,5.8
36,5.8
40.9,5.8
45,5.8
52.4,5.8
54.1,5.8
55.4,5.8
55.6,5.8
56.6,5.8
60.5,5.8
67,5.8
81.8,5.8
87.5,5.8
89.6,5.8
8.8,5.7
13.6,5.7
15.1,5.7
20.7,5.7
25.9,5.7
29.4,5.7
32.7,5.7
33.8,5.7
35.2,5.7
42.3,5.7
45,5.7
54.2,5.7
58.7,5.7
65,5.7
71,5.7
77.1,5.7
82.2,5.7
90.5,5.7
9.2,5.6
13.4,5.6
18.1,5.6
37.5,5.6
37.8,5.6
44.4,5.6
46.7,5.6
49.9,5.6
55.7,5.6
56.5,5.6
59,5.6
63.1,5.6
67.4,5.6
68.2,5.6
71.1,5.6
71.6,5.6
75.7,5.6
83,5.6
85,5.6
85.7,5.6
89.5,5.6
92.5,5.6
7.8,5.5
8.2,5.5
9.1,5.5
12.5,5.5
14.3,5.5
20.2,5.5
29.7,5.5
33.9,5.5
42.2,5.5
52.3,5.5
58,5.5
68.1,5.5
76.6,5.5
85,5.5
89.8,5.5
7.4,5.4
16.4,5.4
20.5,5.4
23.5,5.4
25.4,5.4
30.2,5.4
32.7,5.4
34.4,5.4
37.7,5.4
43.6,5.4
47.1,5.4
50,5.4
51.5,5.4
51.9,5.4
54.6,5.4
63.5,5.4
69.5,5.4
84.8,5.4
88.7,5.4
11.5,5.3
11.7,5.3
14,5.3
28.5,5.3
38.2,5.3
40.6,5.3
40.7,5.3
48.7,5.3
53.2,5.3
55.5,5.3
57,5.3
59.1,5.3
65.5,5.3
69.4,5.3
76.9,5.3
79.7,5.3
83.2,5.3
83.7,5.3
89.6,5.3
11.6,5.2
19.7,5.2
21.7,5.2
25,5.2
32.4,5.2
49.1,5.2
57.7,5.2
66.8,5.2
75.2,5.2
76.1,5.2
77.4,5.2
78.1,5.2
81.3,5.2
81.9,5.2
86.4,5.2
87,5.2
89.5,5.2
92.8,5.2
8.4,5.1
9.5,5.1
16.5,5.1
29.3,5.1
35.2,5.1
43.6,5.1
43.9,5.1
45,5.1
46.8,5.1
51,5.1
52,5.1
55.5,5.1
57.7,5.1
58.3,5.1
60.5,5.1
67.3,5.1
68.4,5.1
70.5,5.1
92.3,5.1
15.4,5
29.6,5
31.5,5
32.4,5
40.2,5
41,5
42.8,5
52.7,5
53.9,5
66.7,5
66.9,5
67.8,5
68.8,5
72.3,5
76.3,5
77.1,5
77.8,5
81.5,5
84.7,5
88.6,5
19,4.9
21.3,4.9
23.4,4.9
24.4,4.9
31.1,4.9
31.9,4.9
37.2,4.9
51.3,4.9
70.8,4.9
71,4.9
79.2,4.9
7.6,4.8
10.3,4.8
13,4.8
14.7,4.8
17.1,4.8
27.5,4.8
31.4,4.8
31.6,4.8
45.1,4.8
47.7,4.8
48.8,4.8
49.8,4.8
59.3,4.8
59.5,4.8
66.8,4.8
67.6,4.8
68.9,4.8
69.3,4.8
69.9,4.8
75.1,4.8
77,4.8
87.3,4.8
8.8,4.7
10.3,4.7
18.9,4.7
25.5,4.7
41.9,4.7
48.1,4.7
67.9,4.7
73.5,4.7
91,4.7
9.3,4.6
15.8,4.6
18.5,4.6
29.5,4.6
45.2,4.6
47.3,4.6
62.1,4.6
76.6,4.6
78.3,4.6
80.1,4.6
90.7,4.6
92.9,4.6
15,4.5
22.5,4.5
26.4,4.5
26.5,4.5
28.4,4.5
31.9,4.5
34.9,4.5
43.4,4.5
43.9,4.5
45.4,4.5
54.7,4.5
55.4,4.5
55.8,4.5
60.1,4.5
61.4,4.5
62.4,4.5
73.9,4.5
86.3,4.5
14.3,4.4
27.4,4.4
30.3,4.4
34.4,4.4
38.9,4.4
47.3,4.4
56.6,4.4
61.6,4.4
66,4.4
67.2,4.4
74.6,4.4
75.3,4.4
75.6,4.4
79.4,4.4
88.2,4.4
91.8,4.4
10.9,4.3
12.1,4.3
14.3,4.3
22.9,4.3
26.6,4.3
30.9,4.3
31.4,4.3
34.2,4.3
40.9,4.3
42.4,4.3
46.1,4.3
51.7,4.3
51.9,4.3
55.3,4.3
57.8,4.3
57.9,4.3
60.9,4.3
83,4.3
83.9,4.3
88.6,4.3
8.5,4.2
18.2,4.2
20.8,4.2
23.3,4.2
30.8,4.2
35.6,4.2
49.1,4.2
53.9,4.2
65,4.2
69.1,4.2
73.7,4.2
78.4,4.2
79,4.2
85.2,4.2
86.5,4.2
86.6,4.2
86.8,4.2
8.7,4.1
9.3,4.1
19.7,4.1
28.9,4.1
29.2,4.1
30.3,4.1
33.4,4.1
36.4,4.1
46.3,4.1
49.3,4.1
54.2,4.1
58.9,4.1
71.2,4.1
72.4,4.1
76.4,4.1
8.2,4
8.3,4
19.8,4
21.8,4
25.4,4
26.3,4
27.7,4
28.8,4
31.7,4
35.8,4
37,4
40.3,4
40.5,4
41.1,4
48,4
56.1,4
57.7,4
63.7,4
68.8,4
69.5,4
74,4
79.9,4
81.5,4
14.1,3.9
17.1,3.9
20.3,3.9
22.3,3.9
23.6,3.9
32.8,3.9
33.8,3.9
38.9,3.9
44.2,3.9
52.5,3.9
67.6,3.9
68.5,3.9
72.2,3.9
72.8,3.9
75.6,3.9
78.5,3.9
10.9,3.8
11.8,3.8
15.6,3.8
16.1,3.8
16.3,3.8
18.7,3.8
19.3,3.8
25.5,3.8
37.7,3.8
41.9,3.8
47.9,3.8
50.4,3.8
51.7,3.8
55.4,3.8
58.3,3.8
58.5,3.8
67.7,3.8
80.1,3.8
85.6,3.8
87.7,3.8
89.8,3.8
91.8,3.8
11.1,3.7
13.3,3.7
22.1,3.7
23.6,3.7
25.6,3.7
27.4,3.7
35.7,3.7
36.4,3.7
41.2,3.7
48.5,3.7
53.6,3.7
62,3.7
76.2,3.7
84.3,3.7
86.6,3.7
88.7,3.7
91.6,3.7
12.1,3.6
15.8,3.6
16.4,3.6
16.5,3.6
17.9,3.6
19.9,3.6
25.5,3.6
37,3.6
39.9,3.6
40.7,3.6
45.6,3.6
53.6,3.6
63.4,3.6
74.9,3.6
77.8,3.6
84.1,3.6
88.9,3.6
9.1,3.5
10.1,3.5
11.1,3.5
18.9,3.5
19.4,3.5
23,3.5
31.7,3.5
37.9,3.5
38.2,3.5
42.3,3.5
49.8,3.5
51.9,3.5
61.5,3.5
69.2,3.5
74.5,3.5
78.5,3.5
79.5,3.5
8.6,3.4
15.8,3.4
16.8,3.4
16.9,3.4
23.1,3.4
24.2,3.4
24.6,3.4
30.2,3.4
30.6,3.4
36.9,3.4
40.7,3.4
43.3,3.4
44.2,3.4
68,3.4
68.8,3.4
89.3,3.4
90.6,3.4
15.2,3.3
16.8,3.3
18,3.3
18.1,3.3
29.8,3.3
31.1,3.3
37.4,3.3
39.6,3.3
41.8,3.3
45.6,3.3
48.6,3.3
56.4,3.3
69.9,3.3
71.8,3.3
73.5,3.3
74.9,3.3
81.2,3.3
84.9,3.3
85.6,3.3
4.1,3.2
9.1,3.2
10.9,3.2
12.9,3.2
38.2,3.2
38.3,3.2
40.7,3.2
43,3.2
45,3.2
48.6,3.2
50.6,3.2
51.1,3.2
54.4,3.2
55.7,3.2
56.6,3.2
57.8,3.2
59.8,3.2
63.7,3.2
64.3,3.2
67.4,3.2
74.8,3.2
78.1,3.2
81.2,3.2
82.4,3.2
86.6,3.2
12.6,3.1
14.1,3.1
14.7,3.1
17.1,3.1
17.2,3.1
19.4,3.1
27.2,3.1
38.9,3.1
40.4,3.1
48.2,3.1
49.6,3.1
52.7,3.1
53.8,3.1
55.3,3.1
59.9,3.1
61.2,3.1
68.4,3.1
79.6,3.1
82.4,3.1
83.9,3.1
86.8,3.1
10.9,3
13.4,3
20.3,3
23.7,3
28.2,3
32.5,3
39.7,3
46.8,3
49.2,3
54.9,3
65.4,3
66.2,3
68.5,3
73.5,3
75.7,3
85.9,3
10.2,2.9
10.8,2.9
11.4,2.9
21.8,2.9
24,2.9
27.5,2.9
27.6,2.9
29,2.9
42,2.9
67.4,2.9
77.2,2.9
77.8,2.9
84.1,2.9
20.2,2.8
22.9,2.8
25.5,2.8
26,2.8
34.1,2.8
35.3,2.8
48,2.8
55.4,2.8
60.6,2.8
63.5,2.8
66.6,2.8
68.2,2.8
69.2,2.8
71.8,2.8
77.4,2.8
85.7,2.8
88.3,2.8
11.8,2.7
16.8,2.7
19.9,2.7
33.3,2.7
34.2,2.7
35.3,2.7
41.7,2.7
43.1,2.7
43.8,2.7
46.7,2.7
57.6,2.7
64.8,2.7
65.3,2.7
72.7,2.7
75.7,2.7
78.4,2.7
78.9,2.7
79,2.7
83.4,2.7
89.6,2.7
16.8,2.6
23,2.6
27.2,2.6
32.6,2.6
44.6,2.6
45.9,2.6
47.4,2.6
47.5,2.6
48.6,2.6
65,2.6
66,2.6
79.6,2.6
84.2,2.6
11.2,2.5
13.8,2.5
15.5,2.5
23.7,2.5
30.4,2.5
38.1,2.5
43,2.5
48,2.5
51.8,2.5
53.4,2.5
60.1,2.5
64.9,2.5
65.3,2.5
72.1,2.5
78.4,2.5
80.4,2.5
82,2.5
87.9,2.5
15.1,2.4
16.5,2.4
19.2,2.4
37.6,2.4
43.6,2.4
51.2,2.4
53.5,2.4
60.6,2.4
66.1,2.4
76.4,2.4
84.4,2.4
11.7,2.3
12,2.3
13.5,2.3
14.2,2.3
16.2,2.3
18.8,2.3
24.2,2.3
24.7,2.3
30,2.3
44.7,2.3
45.2,2.3
64.5,2.3
67.1,2.3
71.9,2.3
72.1,2.3
76.1,2.3
77.9,2.3
88.4,2.3
13.9,2.2
14.8,2.2
20,2.2
28.3,2.2
38.8,2.2
40.5,2.2
42.1,2.2
46.8,2.2
54.1,2.2
56.3,2.2
73.3,2.2
78.5,2.2
84.5,2.2
85.4,2.2
87.3,2.2
23.5,2.1
28.3,2.1
35.8,2.1
38.9,2.1
40.8,2.1
43.3,2.1
51.6,2.1
54.7,2.1
56.7,2.1
58.3,2.1
69.2,2.1
72.3,2.1
72.5,2.1
86.1,2.1
18.9,2
21.7,2
24.3,2
26.7,2
27.6,2
31.5,2
37.8,2
38.7,2
62.5,2
63.6,2
66.8,2
69.4,2
69.9,2
70.9,2
76.5,2
80.2,2
81.6,2
81.7,2
83.5,2
84.7,2
84.9,2
16.7,1.9
25.1,1.9
30.7,1.9
39.5,1.9
39.8,1.9
43.6,1.9
47.5,1.9
52,1.9
55.3,1.9
60.7,1.9
72.6,1.9
73.4,1.9
74.4,1.9
79.8,1.9
83.2,1.9
85.1,1.9
15.6,1.8
16.3,1.8
17.3,1.8
18.7,1.8
22.3,1.8
29.6,1.8
30.2,1.8
38.7,1.8
41.3,1.8
42.5,1.8
46.5,1.8
50.4,1.8
57.7,1.8
57.9,1.8
69.1,1.8
70.6,1.8
70.8,1.8
71.2,1.8
74.9,1.8
78.5,1.8
83.6,1.8
85.3,1.8
17.3,1.7
23.1,1.7
37.2,1.7
38.2,1.7
43.5,1.7
44.5,1.7
45.2,1.7
46.9,1.7
48.3,1.7
59.4,1.7
60.1,1.7
60.2,1.7
65.7,1.7
77,1.7
77.6,1.7
9.3,1.6
16.2,1.6
19.1,1.6
27.1,1.6
27.6,1.6
32.9,1.6
44.9,1.6
55.9,1.6
58.4,1.6
69.1,1.6
73.2,1.6
79.8,1.6
82.7,1.6
82.9,1.6
83,1.6
20.2,1.5
20.9,1.5
22.7,1.5
24.1,1.5
25.9,1.5
32.1,1.5
32.7,1.5
34.3,1.5
36.7,1.5
42.8,1.5
47.6,1.5
58.9,1.5
60.6,1.5
61.9,1.5
73.4,1.5
74,1.5
24.6,1.4
27.5,1.4
28.2,1.4
31.8,1.4
34.1,1.4
34.2,1.4
40.3,1.4
43.9,1.4
48.1,1.4
50.7,1.4
56.7,1.4
57.4,1.4
63.9,1.4
78,1.4
21.5,1.3
25.3,1.3
36.8,1.3
41.1,1.3
41.2,1.3
45.2,1.3
46.6,1.3
60,1.3
69,1.3
70,1.3
20.7,1.2
24.8,1.2
28.8,1.2
35.9,1.2
37.7,1.2
37.9,1.2
38.8,1.2
40,1.2
41.1,1.2
41.8,1.2
42.1,1.2
56,1.2
60.5,1.2
63.5,1.2
67.1,1.2
75.5,1.2
75.8,1.2
75.9,1.2
76.1,1.2
34.3,1.1
40.9,1.1
41.1,1.1
42.6,1.1
44.1,1.1
44.4,1.1
46.9,1.1
50.8,1.1
55.5,1.1
56.6,1.1
58.1,1.1
62.5,1.1
66.1,1.1
71.8,1.1
29.9,1
34.4,1
35.8,1
41.1,1
49.6,1
55.1,1
55.2,1
60.3,1
79.2,1
38.2,0.9
42.3,0.9
44,0.9
46.2,0.9
47.9,0.9
49.3,0.9
53.7,0.9
13.3,0.4
9.5,0.3
47.9,0.1
14.3,0
85.7,0
